,iso3,TIME,theil,level
AUS-2000,AUS,2000,0.0094178,gdppc_tl2
AUS-2001,AUS,2001,0.006829488,gdppc_tl2
AUS-2002,AUS,2002,0.007892044,gdppc_tl2
AUS-2003,AUS,2003,0.007570514,gdppc_tl2
AUS-2004,AUS,2004,0.008938248,gdppc_tl2
AUS-2005,AUS,2005,0.010730954,gdppc_tl2
AUS-2006,AUS,2006,0.015710786,gdppc_tl2
AUS-2007,AUS,2007,0.015839342,gdppc_tl2
AUS-2008,AUS,2008,0.018354095,gdppc_tl2
AUS-2009,AUS,2009,0.016661183,gdppc_tl2
AUS-2010,AUS,2010,0.02258278,gdppc_tl2
AUS-2011,AUS,2011,0.02525136,gdppc_tl2
AUS-2012,AUS,2012,0.026235602,gdppc_tl2
AUS-2013,AUS,2013,0.028953945,gdppc_tl2
AUS-2014,AUS,2014,0.022588453,gdppc_tl2
AUS-2015,AUS,2015,0.019175711,gdppc_tl2
AUS-2016,AUS,2016,0.019479353,gdppc_tl2
AUS-2017,AUS,2017,0.018780546,gdppc_tl2
AUS-2018,AUS,2018,0.022334645,gdppc_tl2
AUS-2019,AUS,2019,0.028672704,gdppc_tl2
AUS-2020,AUS,2020,0.034118293,gdppc_tl2
AUT-2000,AUT,2000,0.021059125,gdppc_tl2
AUT-2001,AUT,2001,0.021416905,gdppc_tl2
AUT-2002,AUT,2002,0.020964612,gdppc_tl2
AUT-2003,AUT,2003,0.019367974,gdppc_tl2
AUT-2004,AUT,2004,0.017567126,gdppc_tl2
AUT-2005,AUT,2005,0.018200714,gdppc_tl2
AUT-2006,AUT,2006,0.018904557,gdppc_tl2
AUT-2007,AUT,2007,0.017611706,gdppc_tl2
AUT-2008,AUT,2008,0.017871793,gdppc_tl2
AUT-2009,AUT,2009,0.017990048,gdppc_tl2
AUT-2010,AUT,2010,0.017715625,gdppc_tl2
AUT-2011,AUT,2011,0.016882819,gdppc_tl2
AUT-2012,AUT,2012,0.015928619,gdppc_tl2
AUT-2013,AUT,2013,0.015328867,gdppc_tl2
AUT-2014,AUT,2014,0.014584123,gdppc_tl2
AUT-2015,AUT,2015,0.014874812,gdppc_tl2
AUT-2016,AUT,2016,0.014788734,gdppc_tl2
AUT-2017,AUT,2017,0.013183843,gdppc_tl2
AUT-2018,AUT,2018,0.013782583,gdppc_tl2
AUT-2019,AUT,2019,0.012864339,gdppc_tl2
AUT-2020,AUT,2020,0.012200533,gdppc_tl2
BEL-2000,BEL,2000,0.087397579,gdppc_tl2
BEL-2001,BEL,2001,0.088681241,gdppc_tl2
BEL-2002,BEL,2002,0.088666434,gdppc_tl2
BEL-2003,BEL,2003,0.086714858,gdppc_tl2
BEL-2004,BEL,2004,0.085548711,gdppc_tl2
BEL-2005,BEL,2005,0.083077747,gdppc_tl2
BEL-2006,BEL,2006,0.082900532,gdppc_tl2
BEL-2007,BEL,2007,0.079856483,gdppc_tl2
BEL-2008,BEL,2008,0.075043672,gdppc_tl2
BEL-2009,BEL,2009,0.076724015,gdppc_tl2
BEL-2010,BEL,2010,0.072898163,gdppc_tl2
BEL-2011,BEL,2011,0.071030305,gdppc_tl2
BEL-2012,BEL,2012,0.071608873,gdppc_tl2
BEL-2013,BEL,2013,0.070269034,gdppc_tl2
BEL-2014,BEL,2014,0.069521676,gdppc_tl2
BEL-2015,BEL,2015,0.070610934,gdppc_tl2
BEL-2016,BEL,2016,0.068234283,gdppc_tl2
BEL-2017,BEL,2017,0.067303581,gdppc_tl2
BEL-2018,BEL,2018,0.063880207,gdppc_tl2
BEL-2019,BEL,2019,0.062779478,gdppc_tl2
BEL-2020,BEL,2020,0.062871282,gdppc_tl2
CAN-2000,CAN,2000,0.040628601,gdppc_tl2
CAN-2001,CAN,2001,0.053692073,gdppc_tl2
CAN-2002,CAN,2002,0.044514342,gdppc_tl2
CAN-2003,CAN,2003,0.060556647,gdppc_tl2
CAN-2004,CAN,2004,0.071480177,gdppc_tl2
CAN-2005,CAN,2005,0.064563493,gdppc_tl2
CAN-2006,CAN,2006,0.060148556,gdppc_tl2
CAN-2007,CAN,2007,0.059101717,gdppc_tl2
CAN-2008,CAN,2008,0.066261486,gdppc_tl2
CAN-2009,CAN,2009,0.041154083,gdppc_tl2
CAN-2010,CAN,2010,0.053405406,gdppc_tl2
CAN-2011,CAN,2011,0.050735099,gdppc_tl2
CAN-2012,CAN,2012,0.043510598,gdppc_tl2
CAN-2013,CAN,2013,0.045183175,gdppc_tl2
CAN-2014,CAN,2014,0.048604683,gdppc_tl2
CAN-2015,CAN,2015,0.037996807,gdppc_tl2
CAN-2016,CAN,2016,0.030062328,gdppc_tl2
CAN-2017,CAN,2017,0.031571608,gdppc_tl2
CAN-2018,CAN,2018,0.031112324,gdppc_tl2
CAN-2019,CAN,2019,0.028868037,gdppc_tl2
CAN-2020,CAN,2020,0.034694391,gdppc_tl2
COL-2000,COL,2000,0.156559906,gdppc_tl2
COL-2001,COL,2001,0.156564526,gdppc_tl2
COL-2002,COL,2002,0.156572515,gdppc_tl2
COL-2003,COL,2003,0.156566786,gdppc_tl2
COL-2004,COL,2004,0.156569089,gdppc_tl2
COL-2005,COL,2005,0.156564867,gdppc_tl2
COL-2006,COL,2006,0.149851537,gdppc_tl2
COL-2007,COL,2007,0.137279347,gdppc_tl2
COL-2008,COL,2008,0.1607867,gdppc_tl2
COL-2009,COL,2009,0.134899375,gdppc_tl2
COL-2010,COL,2010,0.148762417,gdppc_tl2
COL-2011,COL,2011,0.193291783,gdppc_tl2
COL-2012,COL,2012,0.190394892,gdppc_tl2
COL-2013,COL,2013,0.185388173,gdppc_tl2
COL-2014,COL,2014,0.159315917,gdppc_tl2
COL-2015,COL,2015,0.119213243,gdppc_tl2
COL-2016,COL,2016,0.098488682,gdppc_tl2
COL-2017,COL,2017,0.106096222,gdppc_tl2
COL-2018,COL,2018,0.116917361,gdppc_tl2
COL-2019,COL,2019,0.118922052,gdppc_tl2
COL-2020,COL,2020,0.104936792,gdppc_tl2
CZE-2000,CZE,2000,0.05520635,gdppc_tl2
CZE-2001,CZE,2001,0.060201011,gdppc_tl2
CZE-2002,CZE,2002,0.070432588,gdppc_tl2
CZE-2003,CZE,2003,0.074966434,gdppc_tl2
CZE-2004,CZE,2004,0.076346746,gdppc_tl2
CZE-2005,CZE,2005,0.080627182,gdppc_tl2
CZE-2006,CZE,2006,0.081160415,gdppc_tl2
CZE-2007,CZE,2007,0.0857398,gdppc_tl2
CZE-2008,CZE,2008,0.088385282,gdppc_tl2
CZE-2009,CZE,2009,0.085670656,gdppc_tl2
CZE-2010,CZE,2010,0.091849059,gdppc_tl2
CZE-2011,CZE,2011,0.081783381,gdppc_tl2
CZE-2012,CZE,2012,0.081459596,gdppc_tl2
CZE-2013,CZE,2013,0.08411888,gdppc_tl2
CZE-2014,CZE,2014,0.082249055,gdppc_tl2
CZE-2015,CZE,2015,0.084181481,gdppc_tl2
CZE-2016,CZE,2016,0.085013999,gdppc_tl2
CZE-2017,CZE,2017,0.08277375,gdppc_tl2
CZE-2018,CZE,2018,0.087505405,gdppc_tl2
CZE-2019,CZE,2019,0.085933318,gdppc_tl2
CZE-2020,CZE,2020,0.081589073,gdppc_tl2
DEU-2000,DEU,2000,0.04549165,gdppc_tl2
DEU-2001,DEU,2001,0.047439295,gdppc_tl2
DEU-2002,DEU,2002,0.046252499,gdppc_tl2
DEU-2003,DEU,2003,0.045469417,gdppc_tl2
DEU-2004,DEU,2004,0.044224732,gdppc_tl2
DEU-2005,DEU,2005,0.044617337,gdppc_tl2
DEU-2006,DEU,2006,0.04200237,gdppc_tl2
DEU-2007,DEU,2007,0.040265518,gdppc_tl2
DEU-2008,DEU,2008,0.039414217,gdppc_tl2
DEU-2009,DEU,2009,0.03655789,gdppc_tl2
DEU-2010,DEU,2010,0.035849964,gdppc_tl2
DEU-2011,DEU,2011,0.034426064,gdppc_tl2
DEU-2012,DEU,2012,0.033808188,gdppc_tl2
DEU-2013,DEU,2013,0.033593211,gdppc_tl2
DEU-2014,DEU,2014,0.031478666,gdppc_tl2
DEU-2015,DEU,2015,0.032269549,gdppc_tl2
DEU-2016,DEU,2016,0.031202548,gdppc_tl2
DEU-2017,DEU,2017,0.030474611,gdppc_tl2
DEU-2018,DEU,2018,0.029970454,gdppc_tl2
DEU-2019,DEU,2019,0.02880553,gdppc_tl2
DEU-2020,DEU,2020,0.026402573,gdppc_tl2
DNK-2000,DNK,2000,0.014974854,gdppc_tl2
DNK-2001,DNK,2001,0.014629371,gdppc_tl2
DNK-2002,DNK,2002,0.01238475,gdppc_tl2
DNK-2003,DNK,2003,0.012881342,gdppc_tl2
DNK-2004,DNK,2004,0.014792635,gdppc_tl2
DNK-2005,DNK,2005,0.018209055,gdppc_tl2
DNK-2006,DNK,2006,0.014613688,gdppc_tl2
DNK-2007,DNK,2007,0.015042794,gdppc_tl2
DNK-2008,DNK,2008,0.017667927,gdppc_tl2
DNK-2009,DNK,2009,0.017850642,gdppc_tl2
DNK-2010,DNK,2010,0.020651806,gdppc_tl2
DNK-2011,DNK,2011,0.018693144,gdppc_tl2
DNK-2012,DNK,2012,0.019017365,gdppc_tl2
DNK-2013,DNK,2013,0.020537221,gdppc_tl2
DNK-2014,DNK,2014,0.022127685,gdppc_tl2
DNK-2015,DNK,2015,0.022461318,gdppc_tl2
DNK-2016,DNK,2016,0.021954438,gdppc_tl2
DNK-2017,DNK,2017,0.022547268,gdppc_tl2
DNK-2018,DNK,2018,0.022995223,gdppc_tl2
DNK-2019,DNK,2019,0.021286573,gdppc_tl2
DNK-2020,DNK,2020,0.022082756,gdppc_tl2
ESP-2000,ESP,2000,0.020464123,gdppc_tl2
ESP-2001,ESP,2001,0.020309507,gdppc_tl2
ESP-2002,ESP,2002,0.01913407,gdppc_tl2
ESP-2003,ESP,2003,0.017442591,gdppc_tl2
ESP-2004,ESP,2004,0.016736541,gdppc_tl2
ESP-2005,ESP,2005,0.016159563,gdppc_tl2
ESP-2006,ESP,2006,0.016505627,gdppc_tl2
ESP-2007,ESP,2007,0.016210068,gdppc_tl2
ESP-2008,ESP,2008,0.016387604,gdppc_tl2
ESP-2009,ESP,2009,0.016596413,gdppc_tl2
ESP-2010,ESP,2010,0.016693644,gdppc_tl2
ESP-2011,ESP,2011,0.017884424,gdppc_tl2
ESP-2012,ESP,2012,0.019154295,gdppc_tl2
ESP-2013,ESP,2013,0.019105705,gdppc_tl2
ESP-2014,ESP,2014,0.020398754,gdppc_tl2
ESP-2015,ESP,2015,0.019865729,gdppc_tl2
ESP-2016,ESP,2016,0.019951217,gdppc_tl2
ESP-2017,ESP,2017,0.019933017,gdppc_tl2
ESP-2018,ESP,2018,0.019365475,gdppc_tl2
ESP-2019,ESP,2019,0.019424142,gdppc_tl2
ESP-2020,ESP,2020,0.018249636,gdppc_tl2
FIN-2000,FIN,2000,0.022238931,gdppc_tl2
FIN-2001,FIN,2001,0.027517836,gdppc_tl2
FIN-2002,FIN,2002,0.024027375,gdppc_tl2
FIN-2003,FIN,2003,0.02119754,gdppc_tl2
FIN-2004,FIN,2004,0.02049971,gdppc_tl2
FIN-2005,FIN,2005,0.019951812,gdppc_tl2
FIN-2006,FIN,2006,0.019918671,gdppc_tl2
FIN-2007,FIN,2007,0.018270772,gdppc_tl2
FIN-2008,FIN,2008,0.017213293,gdppc_tl2
FIN-2009,FIN,2009,0.023697742,gdppc_tl2
FIN-2010,FIN,2010,0.022016776,gdppc_tl2
FIN-2011,FIN,2011,0.017543256,gdppc_tl2
FIN-2012,FIN,2012,0.018459197,gdppc_tl2
FIN-2013,FIN,2013,0.02044946,gdppc_tl2
FIN-2014,FIN,2014,0.018047279,gdppc_tl2
FIN-2015,FIN,2015,0.020549942,gdppc_tl2
FIN-2016,FIN,2016,0.018038011,gdppc_tl2
FIN-2017,FIN,2017,0.016323333,gdppc_tl2
FIN-2018,FIN,2018,0.014188956,gdppc_tl2
FIN-2019,FIN,2019,0.015031766,gdppc_tl2
FIN-2020,FIN,2020,0.013562908,gdppc_tl2
FRA-2000,FRA,2000,0.06756559,gdppc_tl2
FRA-2001,FRA,2001,0.06369929,gdppc_tl2
FRA-2002,FRA,2002,0.063047513,gdppc_tl2
FRA-2003,FRA,2003,0.062282687,gdppc_tl2
FRA-2004,FRA,2004,0.060498067,gdppc_tl2
FRA-2005,FRA,2005,0.058617316,gdppc_tl2
FRA-2006,FRA,2006,0.055892785,gdppc_tl2
FRA-2007,FRA,2007,0.058165339,gdppc_tl2
FRA-2008,FRA,2008,0.0555024,gdppc_tl2
FRA-2009,FRA,2009,0.054549422,gdppc_tl2
FRA-2010,FRA,2010,0.056530108,gdppc_tl2
FRA-2011,FRA,2011,0.054932492,gdppc_tl2
FRA-2012,FRA,2012,0.054300417,gdppc_tl2
FRA-2013,FRA,2013,0.054658025,gdppc_tl2
FRA-2014,FRA,2014,0.053599825,gdppc_tl2
FRA-2015,FRA,2015,0.053218396,gdppc_tl2
FRA-2016,FRA,2016,0.053144772,gdppc_tl2
FRA-2017,FRA,2017,0.053308757,gdppc_tl2
FRA-2018,FRA,2018,0.054427021,gdppc_tl2
FRA-2019,FRA,2019,0.056031376,gdppc_tl2
FRA-2020,FRA,2020,0.052247859,gdppc_tl2
GBR-2000,GBR,2000,0.028306481,gdppc_tl2
GBR-2001,GBR,2001,0.02652773,gdppc_tl2
GBR-2002,GBR,2002,0.025027215,gdppc_tl2
GBR-2003,GBR,2003,0.024527011,gdppc_tl2
GBR-2004,GBR,2004,0.024037053,gdppc_tl2
GBR-2005,GBR,2005,0.025976288,gdppc_tl2
GBR-2006,GBR,2006,0.025771797,gdppc_tl2
GBR-2007,GBR,2007,0.029743569,gdppc_tl2
GBR-2008,GBR,2008,0.029872672,gdppc_tl2
GBR-2009,GBR,2009,0.028450121,gdppc_tl2
GBR-2010,GBR,2010,0.029053999,gdppc_tl2
GBR-2011,GBR,2011,0.029730163,gdppc_tl2
GBR-2012,GBR,2012,0.029954063,gdppc_tl2
GBR-2013,GBR,2013,0.030862198,gdppc_tl2
GBR-2014,GBR,2014,0.032670702,gdppc_tl2
GBR-2015,GBR,2015,0.032171936,gdppc_tl2
GBR-2016,GBR,2016,0.033683426,gdppc_tl2
GBR-2017,GBR,2017,0.032798051,gdppc_tl2
GBR-2018,GBR,2018,0.033016894,gdppc_tl2
GBR-2019,GBR,2019,0.032336609,gdppc_tl2
GBR-2020,GBR,2020,0.033979654,gdppc_tl2
GRC-2000,GRC,2000,0.016498688,gdppc_tl2
GRC-2001,GRC,2001,0.015739416,gdppc_tl2
GRC-2002,GRC,2002,0.01480616,gdppc_tl2
GRC-2003,GRC,2003,0.014402847,gdppc_tl2
GRC-2004,GRC,2004,0.016166151,gdppc_tl2
GRC-2005,GRC,2005,0.017290182,gdppc_tl2
GRC-2006,GRC,2006,0.018092369,gdppc_tl2
GRC-2007,GRC,2007,0.018329987,gdppc_tl2
GRC-2008,GRC,2008,0.01969889,gdppc_tl2
GRC-2009,GRC,2009,0.018797994,gdppc_tl2
GRC-2010,GRC,2010,0.017611992,gdppc_tl2
GRC-2011,GRC,2011,0.018355038,gdppc_tl2
GRC-2012,GRC,2012,0.019468565,gdppc_tl2
GRC-2013,GRC,2013,0.020610308,gdppc_tl2
GRC-2014,GRC,2014,0.021312978,gdppc_tl2
GRC-2015,GRC,2015,0.019967582,gdppc_tl2
GRC-2016,GRC,2016,0.018984593,gdppc_tl2
GRC-2017,GRC,2017,0.020158937,gdppc_tl2
GRC-2018,GRC,2018,0.020707113,gdppc_tl2
GRC-2019,GRC,2019,0.021284927,gdppc_tl2
GRC-2020,GRC,2020,0.018910964,gdppc_tl2
HUN-2000,HUN,2000,0.078758393,gdppc_tl2
HUN-2001,HUN,2001,0.074896929,gdppc_tl2
HUN-2002,HUN,2002,0.085066985,gdppc_tl2
HUN-2003,HUN,2003,0.082773453,gdppc_tl2
HUN-2004,HUN,2004,0.087373171,gdppc_tl2
HUN-2005,HUN,2005,0.094150319,gdppc_tl2
HUN-2006,HUN,2006,0.101772611,gdppc_tl2
HUN-2007,HUN,2007,0.102282009,gdppc_tl2
HUN-2008,HUN,2008,0.107385208,gdppc_tl2
HUN-2009,HUN,2009,0.118727963,gdppc_tl2
HUN-2010,HUN,2010,0.110025533,gdppc_tl2
HUN-2011,HUN,2011,0.107847332,gdppc_tl2
HUN-2012,HUN,2012,0.107991537,gdppc_tl2
HUN-2013,HUN,2013,0.097753197,gdppc_tl2
HUN-2014,HUN,2014,0.095713563,gdppc_tl2
HUN-2015,HUN,2015,0.084522216,gdppc_tl2
HUN-2016,HUN,2016,0.086501957,gdppc_tl2
HUN-2017,HUN,2017,0.08739473,gdppc_tl2
HUN-2018,HUN,2018,0.084653426,gdppc_tl2
HUN-2019,HUN,2019,0.091361823,gdppc_tl2
HUN-2020,HUN,2020,0.089195649,gdppc_tl2
ITA-2000,ITA,2000,0.034731874,gdppc_tl2
ITA-2001,ITA,2001,0.033767838,gdppc_tl2
ITA-2002,ITA,2002,0.033580279,gdppc_tl2
ITA-2003,ITA,2003,0.034382655,gdppc_tl2
ITA-2004,ITA,2004,0.034434395,gdppc_tl2
ITA-2005,ITA,2005,0.033351851,gdppc_tl2
ITA-2006,ITA,2006,0.032166041,gdppc_tl2
ITA-2007,ITA,2007,0.032478373,gdppc_tl2
ITA-2008,ITA,2008,0.033209465,gdppc_tl2
ITA-2009,ITA,2009,0.032827057,gdppc_tl2
ITA-2010,ITA,2010,0.035177781,gdppc_tl2
ITA-2011,ITA,2011,0.036167197,gdppc_tl2
ITA-2012,ITA,2012,0.036853995,gdppc_tl2
ITA-2013,ITA,2013,0.038122856,gdppc_tl2
ITA-2014,ITA,2014,0.039551414,gdppc_tl2
ITA-2015,ITA,2015,0.037728162,gdppc_tl2
ITA-2016,ITA,2016,0.038506964,gdppc_tl2
ITA-2017,ITA,2017,0.038954968,gdppc_tl2
ITA-2018,ITA,2018,0.039197478,gdppc_tl2
ITA-2019,ITA,2019,0.038878388,gdppc_tl2
ITA-2020,ITA,2020,0.037839212,gdppc_tl2
JPN-2000,JPN,2000,0.006685246,gdppc_tl2
JPN-2001,JPN,2001,0.006685266,gdppc_tl2
JPN-2002,JPN,2002,0.006893964,gdppc_tl2
JPN-2003,JPN,2003,0.006972452,gdppc_tl2
JPN-2004,JPN,2004,0.00753016,gdppc_tl2
JPN-2005,JPN,2005,0.008381663,gdppc_tl2
JPN-2006,JPN,2006,0.01087143,gdppc_tl2
JPN-2007,JPN,2007,0.011230566,gdppc_tl2
JPN-2008,JPN,2008,0.010586581,gdppc_tl2
JPN-2009,JPN,2009,0.00828565,gdppc_tl2
JPN-2010,JPN,2010,0.007903539,gdppc_tl2
JPN-2011,JPN,2011,0.00863417,gdppc_tl2
JPN-2012,JPN,2012,0.008688905,gdppc_tl2
JPN-2013,JPN,2013,0.00844669,gdppc_tl2
JPN-2014,JPN,2014,0.00759302,gdppc_tl2
JPN-2015,JPN,2015,0.007238931,gdppc_tl2
JPN-2016,JPN,2016,0.006726569,gdppc_tl2
JPN-2017,JPN,2017,0.006435762,gdppc_tl2
JPN-2018,JPN,2018,0.006433593,gdppc_tl2
JPN-2019,JPN,2019,0.006433382,gdppc_tl2
JPN-2020,JPN,2020,0.0064338,gdppc_tl2
KOR-2000,KOR,2000,0.005195142,gdppc_tl2
KOR-2001,KOR,2001,0.006005653,gdppc_tl2
KOR-2002,KOR,2002,0.005991312,gdppc_tl2
KOR-2003,KOR,2003,0.005261351,gdppc_tl2
KOR-2004,KOR,2004,0.005635241,gdppc_tl2
KOR-2005,KOR,2005,0.005921543,gdppc_tl2
KOR-2006,KOR,2006,0.00626686,gdppc_tl2
KOR-2007,KOR,2007,0.006263271,gdppc_tl2
KOR-2008,KOR,2008,0.007318278,gdppc_tl2
KOR-2009,KOR,2009,0.006205958,gdppc_tl2
KOR-2010,KOR,2010,0.00856758,gdppc_tl2
KOR-2011,KOR,2011,0.008529849,gdppc_tl2
KOR-2012,KOR,2012,0.007365716,gdppc_tl2
KOR-2013,KOR,2013,0.006914593,gdppc_tl2
KOR-2014,KOR,2014,0.005709081,gdppc_tl2
KOR-2015,KOR,2015,0.005521722,gdppc_tl2
KOR-2016,KOR,2016,0.005306359,gdppc_tl2
KOR-2017,KOR,2017,0.006159513,gdppc_tl2
KOR-2018,KOR,2018,0.006624364,gdppc_tl2
KOR-2019,KOR,2019,0.00566135,gdppc_tl2
KOR-2020,KOR,2020,0.007226606,gdppc_tl2
MEX-2000,MEX,2000,0.229610376,gdppc_tl2
MEX-2001,MEX,2001,0.229610777,gdppc_tl2
MEX-2002,MEX,2002,0.229609006,gdppc_tl2
MEX-2003,MEX,2003,0.229608548,gdppc_tl2
MEX-2004,MEX,2004,0.284390656,gdppc_tl2
MEX-2005,MEX,2005,0.321059341,gdppc_tl2
MEX-2006,MEX,2006,0.326307292,gdppc_tl2
MEX-2007,MEX,2007,0.323684731,gdppc_tl2
MEX-2008,MEX,2008,0.33345291,gdppc_tl2
MEX-2009,MEX,2009,0.238484895,gdppc_tl2
MEX-2010,MEX,2010,0.249086917,gdppc_tl2
MEX-2011,MEX,2011,0.291235295,gdppc_tl2
MEX-2012,MEX,2012,0.263528906,gdppc_tl2
MEX-2013,MEX,2013,0.235376888,gdppc_tl2
MEX-2014,MEX,2014,0.209521436,gdppc_tl2
MEX-2015,MEX,2015,0.120668746,gdppc_tl2
MEX-2016,MEX,2016,0.109181064,gdppc_tl2
MEX-2017,MEX,2017,0.116360279,gdppc_tl2
MEX-2018,MEX,2018,0.12316061,gdppc_tl2
MEX-2019,MEX,2019,0.131518871,gdppc_tl2
MEX-2020,MEX,2020,0.103741851,gdppc_tl2
NLD-2000,NLD,2000,0.023561006,gdppc_tl2
NLD-2001,NLD,2001,0.02361055,gdppc_tl2
NLD-2002,NLD,2002,0.023530829,gdppc_tl2
NLD-2003,NLD,2003,0.021308266,gdppc_tl2
NLD-2004,NLD,2004,0.021666284,gdppc_tl2
NLD-2005,NLD,2005,0.021954817,gdppc_tl2
NLD-2006,NLD,2006,0.021477145,gdppc_tl2
NLD-2007,NLD,2007,0.019736225,gdppc_tl2
NLD-2008,NLD,2008,0.020659739,gdppc_tl2
NLD-2009,NLD,2009,0.021428509,gdppc_tl2
NLD-2010,NLD,2010,0.020871319,gdppc_tl2
NLD-2011,NLD,2011,0.019499609,gdppc_tl2
NLD-2012,NLD,2012,0.020871086,gdppc_tl2
NLD-2013,NLD,2013,0.022319322,gdppc_tl2
NLD-2014,NLD,2014,0.0208194,gdppc_tl2
NLD-2015,NLD,2015,0.020999757,gdppc_tl2
NLD-2016,NLD,2016,0.020669451,gdppc_tl2
NLD-2017,NLD,2017,0.021018703,gdppc_tl2
NLD-2018,NLD,2018,0.020950953,gdppc_tl2
NLD-2019,NLD,2019,0.022040363,gdppc_tl2
NLD-2020,NLD,2020,0.020196257,gdppc_tl2
NOR-2000,NOR,2000,0.017311498,gdppc_tl2
NOR-2001,NOR,2001,0.015767994,gdppc_tl2
NOR-2002,NOR,2002,0.015407935,gdppc_tl2
NOR-2003,NOR,2003,0.012614642,gdppc_tl2
NOR-2004,NOR,2004,0.014190113,gdppc_tl2
NOR-2005,NOR,2005,0.015443553,gdppc_tl2
NOR-2006,NOR,2006,0.015979791,gdppc_tl2
NOR-2007,NOR,2007,0.017890685,gdppc_tl2
NOR-2008,NOR,2008,0.013335874,gdppc_tl2
NOR-2009,NOR,2009,0.012695358,gdppc_tl2
NOR-2010,NOR,2010,0.012755659,gdppc_tl2
NOR-2011,NOR,2011,0.012326004,gdppc_tl2
NOR-2012,NOR,2012,0.013451035,gdppc_tl2
NOR-2013,NOR,2013,0.013853341,gdppc_tl2
NOR-2014,NOR,2014,0.012847833,gdppc_tl2
NOR-2015,NOR,2015,0.011143527,gdppc_tl2
NOR-2016,NOR,2016,0.009785174,gdppc_tl2
NOR-2017,NOR,2017,0.009479595,gdppc_tl2
NOR-2018,NOR,2018,0.008607042,gdppc_tl2
NOR-2019,NOR,2019,0.009607798,gdppc_tl2
NOR-2020,NOR,2020,0.009607984,gdppc_tl2
NZL-2000,NZL,2000,0.02245017,gdppc_tl2
NZL-2001,NZL,2001,0.020083126,gdppc_tl2
NZL-2002,NZL,2002,0.020619109,gdppc_tl2
NZL-2003,NZL,2003,0.017354093,gdppc_tl2
NZL-2004,NZL,2004,0.014873844,gdppc_tl2
NZL-2005,NZL,2005,0.014127287,gdppc_tl2
NZL-2006,NZL,2006,0.014961992,gdppc_tl2
NZL-2007,NZL,2007,0.032752086,gdppc_tl2
NZL-2008,NZL,2008,0.033850296,gdppc_tl2
NZL-2009,NZL,2009,0.031071732,gdppc_tl2
NZL-2010,NZL,2010,0.029288549,gdppc_tl2
NZL-2011,NZL,2011,0.02707545,gdppc_tl2
NZL-2012,NZL,2012,0.027204677,gdppc_tl2
NZL-2013,NZL,2013,0.026076171,gdppc_tl2
NZL-2014,NZL,2014,0.023798785,gdppc_tl2
NZL-2015,NZL,2015,0.015600758,gdppc_tl2
NZL-2016,NZL,2016,0.012745133,gdppc_tl2
NZL-2017,NZL,2017,0.012602192,gdppc_tl2
NZL-2018,NZL,2018,0.013165186,gdppc_tl2
NZL-2019,NZL,2019,0.013236159,gdppc_tl2
NZL-2020,NZL,2020,0.01136375,gdppc_tl2
POL-2000,POL,2000,0.045629454,gdppc_tl2
POL-2001,POL,2001,0.046162202,gdppc_tl2
POL-2002,POL,2002,0.044709187,gdppc_tl2
POL-2003,POL,2003,0.043382644,gdppc_tl2
POL-2004,POL,2004,0.042638213,gdppc_tl2
POL-2005,POL,2005,0.046270383,gdppc_tl2
POL-2006,POL,2006,0.047227339,gdppc_tl2
POL-2007,POL,2007,0.047262911,gdppc_tl2
POL-2008,POL,2008,0.044483371,gdppc_tl2
POL-2009,POL,2009,0.047975248,gdppc_tl2
POL-2010,POL,2010,0.049782782,gdppc_tl2
POL-2011,POL,2011,0.048369412,gdppc_tl2
POL-2012,POL,2012,0.04940688,gdppc_tl2
POL-2013,POL,2013,0.049853923,gdppc_tl2
POL-2014,POL,2014,0.049616429,gdppc_tl2
POL-2015,POL,2015,0.049114177,gdppc_tl2
POL-2016,POL,2016,0.04913443,gdppc_tl2
POL-2017,POL,2017,0.050243104,gdppc_tl2
POL-2018,POL,2018,0.050795675,gdppc_tl2
POL-2019,POL,2019,0.051558045,gdppc_tl2
POL-2020,POL,2020,0.051119017,gdppc_tl2
PRT-2000,PRT,2000,0.021527563,gdppc_tl2
PRT-2001,PRT,2001,0.020342326,gdppc_tl2
PRT-2002,PRT,2002,0.020036651,gdppc_tl2
PRT-2003,PRT,2003,0.019642461,gdppc_tl2
PRT-2004,PRT,2004,0.020047058,gdppc_tl2
PRT-2005,PRT,2005,0.019691519,gdppc_tl2
PRT-2006,PRT,2006,0.01899081,gdppc_tl2
PRT-2007,PRT,2007,0.018781097,gdppc_tl2
PRT-2008,PRT,2008,0.018842924,gdppc_tl2
PRT-2009,PRT,2009,0.018296171,gdppc_tl2
PRT-2010,PRT,2010,0.017088025,gdppc_tl2
PRT-2011,PRT,2011,0.016555673,gdppc_tl2
PRT-2012,PRT,2012,0.014906453,gdppc_tl2
PRT-2013,PRT,2013,0.014151047,gdppc_tl2
PRT-2014,PRT,2014,0.01291324,gdppc_tl2
PRT-2015,PRT,2015,0.011530187,gdppc_tl2
PRT-2016,PRT,2016,0.011099014,gdppc_tl2
PRT-2017,PRT,2017,0.011321838,gdppc_tl2
PRT-2018,PRT,2018,0.01112331,gdppc_tl2
PRT-2019,PRT,2019,0.011571389,gdppc_tl2
PRT-2020,PRT,2020,0.009494094,gdppc_tl2
SVK-2000,SVK,2000,0.124160118,gdppc_tl2
SVK-2001,SVK,2001,0.120838136,gdppc_tl2
SVK-2002,SVK,2002,0.13080192,gdppc_tl2
SVK-2003,SVK,2003,0.128396471,gdppc_tl2
SVK-2004,SVK,2004,0.12943228,gdppc_tl2
SVK-2005,SVK,2005,0.156314002,gdppc_tl2
SVK-2006,SVK,2006,0.146991281,gdppc_tl2
SVK-2007,SVK,2007,0.154387096,gdppc_tl2
SVK-2008,SVK,2008,0.146286265,gdppc_tl2
SVK-2009,SVK,2009,0.171906396,gdppc_tl2
SVK-2010,SVK,2010,0.167642957,gdppc_tl2
SVK-2011,SVK,2011,0.164177489,gdppc_tl2
SVK-2012,SVK,2012,0.153562699,gdppc_tl2
SVK-2013,SVK,2013,0.162129198,gdppc_tl2
SVK-2014,SVK,2014,0.152615146,gdppc_tl2
SVK-2015,SVK,2015,0.152517202,gdppc_tl2
SVK-2016,SVK,2016,0.153753587,gdppc_tl2
SVK-2017,SVK,2017,0.146763491,gdppc_tl2
SVK-2018,SVK,2018,0.140865883,gdppc_tl2
SVK-2019,SVK,2019,0.132040346,gdppc_tl2
SVK-2020,SVK,2020,0.132417765,gdppc_tl2
SVN-2000,SVN,2000,0.014487529,gdppc_tl2
SVN-2001,SVN,2001,0.015869521,gdppc_tl2
SVN-2002,SVN,2002,0.015644118,gdppc_tl2
SVN-2003,SVN,2003,0.019284382,gdppc_tl2
SVN-2004,SVN,2004,0.018850215,gdppc_tl2
SVN-2005,SVN,2005,0.018823861,gdppc_tl2
SVN-2006,SVN,2006,0.019869293,gdppc_tl2
SVN-2007,SVN,2007,0.019636818,gdppc_tl2
SVN-2008,SVN,2008,0.018656864,gdppc_tl2
SVN-2009,SVN,2009,0.019588018,gdppc_tl2
SVN-2010,SVN,2010,0.019070589,gdppc_tl2
SVN-2011,SVN,2011,0.01744774,gdppc_tl2
SVN-2012,SVN,2012,0.017158027,gdppc_tl2
SVN-2013,SVN,2013,0.016214053,gdppc_tl2
SVN-2014,SVN,2014,0.016072053,gdppc_tl2
SVN-2015,SVN,2015,0.016008242,gdppc_tl2
SVN-2016,SVN,2016,0.016526514,gdppc_tl2
SVN-2017,SVN,2017,0.016931177,gdppc_tl2
SVN-2018,SVN,2018,0.01717837,gdppc_tl2
SVN-2019,SVN,2019,0.016433628,gdppc_tl2
SVN-2020,SVN,2020,0.016026948,gdppc_tl2
SWE-2000,SWE,2000,0.016859028,gdppc_tl2
SWE-2001,SWE,2001,0.015215433,gdppc_tl2
SWE-2002,SWE,2002,0.014638243,gdppc_tl2
SWE-2003,SWE,2003,0.014136601,gdppc_tl2
SWE-2004,SWE,2004,0.015155836,gdppc_tl2
SWE-2005,SWE,2005,0.016010982,gdppc_tl2
SWE-2006,SWE,2006,0.014191201,gdppc_tl2
SWE-2007,SWE,2007,0.015952095,gdppc_tl2
SWE-2008,SWE,2008,0.015022182,gdppc_tl2
SWE-2009,SWE,2009,0.020500999,gdppc_tl2
SWE-2010,SWE,2010,0.015526873,gdppc_tl2
SWE-2011,SWE,2011,0.016302014,gdppc_tl2
SWE-2012,SWE,2012,0.016026153,gdppc_tl2
SWE-2013,SWE,2013,0.016217349,gdppc_tl2
SWE-2014,SWE,2014,0.017434634,gdppc_tl2
SWE-2015,SWE,2015,0.019218042,gdppc_tl2
SWE-2016,SWE,2016,0.018055274,gdppc_tl2
SWE-2017,SWE,2017,0.015903605,gdppc_tl2
SWE-2018,SWE,2018,0.015868098,gdppc_tl2
SWE-2019,SWE,2019,0.016690662,gdppc_tl2
SWE-2020,SWE,2020,0.018674359,gdppc_tl2
TUR-2000,TUR,2000,0.082116555,gdppc_tl2
TUR-2001,TUR,2001,0.082119241,gdppc_tl2
TUR-2002,TUR,2002,0.082120804,gdppc_tl2
TUR-2003,TUR,2003,0.082119291,gdppc_tl2
TUR-2004,TUR,2004,0.082118304,gdppc_tl2
TUR-2005,TUR,2005,0.081324397,gdppc_tl2
TUR-2006,TUR,2006,0.0837804,gdppc_tl2
TUR-2007,TUR,2007,0.084794485,gdppc_tl2
TUR-2008,TUR,2008,0.083808336,gdppc_tl2
TUR-2009,TUR,2009,0.077607488,gdppc_tl2
TUR-2010,TUR,2010,0.066950554,gdppc_tl2
TUR-2011,TUR,2011,0.067845627,gdppc_tl2
TUR-2012,TUR,2012,0.064748888,gdppc_tl2
TUR-2013,TUR,2013,0.067839871,gdppc_tl2
TUR-2014,TUR,2014,0.068309487,gdppc_tl2
TUR-2015,TUR,2015,0.066201126,gdppc_tl2
TUR-2016,TUR,2016,0.06490225,gdppc_tl2
TUR-2017,TUR,2017,0.064813146,gdppc_tl2
TUR-2018,TUR,2018,0.068725043,gdppc_tl2
TUR-2019,TUR,2019,0.065569837,gdppc_tl2
TUR-2020,TUR,2020,0.05930749,gdppc_tl2
USA-2000,USA,2000,0.042109825,gdppc_tl2
USA-2001,USA,2001,0.044813556,gdppc_tl2
USA-2002,USA,2002,0.045968572,gdppc_tl2
USA-2003,USA,2003,0.046689431,gdppc_tl2
USA-2004,USA,2004,0.048323152,gdppc_tl2
USA-2005,USA,2005,0.048361081,gdppc_tl2
USA-2006,USA,2006,0.048414622,gdppc_tl2
USA-2007,USA,2007,0.051043139,gdppc_tl2
USA-2008,USA,2008,0.055710884,gdppc_tl2
USA-2009,USA,2009,0.055423283,gdppc_tl2
USA-2010,USA,2010,0.055722423,gdppc_tl2
USA-2011,USA,2011,0.054186706,gdppc_tl2
USA-2012,USA,2012,0.052342083,gdppc_tl2
USA-2013,USA,2013,0.049294016,gdppc_tl2
USA-2014,USA,2014,0.049278471,gdppc_tl2
USA-2015,USA,2015,0.048196462,gdppc_tl2
USA-2016,USA,2016,0.048388035,gdppc_tl2
USA-2017,USA,2017,0.047163032,gdppc_tl2
USA-2018,USA,2018,0.047304038,gdppc_tl2
USA-2019,USA,2019,0.047442028,gdppc_tl2
USA-2020,USA,2020,0.050502308,gdppc_tl2
AUT-20001,AUT,2000,0.023478621,gdppc_tl3
AUT-20011,AUT,2001,0.023531676,gdppc_tl3
AUT-20021,AUT,2002,0.023069158,gdppc_tl3
AUT-20031,AUT,2003,0.022558185,gdppc_tl3
AUT-20041,AUT,2004,0.023185411,gdppc_tl3
AUT-20051,AUT,2005,0.024576847,gdppc_tl3
AUT-20061,AUT,2006,0.024698218,gdppc_tl3
AUT-20071,AUT,2007,0.023498744,gdppc_tl3
AUT-20081,AUT,2008,0.023520963,gdppc_tl3
AUT-20091,AUT,2009,0.022798473,gdppc_tl3
AUT-20101,AUT,2010,0.021989622,gdppc_tl3
AUT-20111,AUT,2011,0.022276129,gdppc_tl3
AUT-20121,AUT,2012,0.02221646,gdppc_tl3
AUT-20131,AUT,2013,0.021180446,gdppc_tl3
AUT-20141,AUT,2014,0.020393975,gdppc_tl3
AUT-20151,AUT,2015,0.021597344,gdppc_tl3
AUT-20161,AUT,2016,0.020365626,gdppc_tl3
AUT-20171,AUT,2017,0.018119024,gdppc_tl3
AUT-20181,AUT,2018,0.018513205,gdppc_tl3
AUT-20191,AUT,2019,0.018053029,gdppc_tl3
AUT-20201,AUT,2020,0.017109454,gdppc_tl3
BEL-20001,BEL,2000,0.027332722,gdppc_tl3
BEL-20011,BEL,2001,0.027531461,gdppc_tl3
BEL-20021,BEL,2002,0.028363197,gdppc_tl3
BEL-20031,BEL,2003,0.03076445,gdppc_tl3
BEL-20041,BEL,2004,0.032141073,gdppc_tl3
BEL-20051,BEL,2005,0.031677216,gdppc_tl3
BEL-20061,BEL,2006,0.031463615,gdppc_tl3
BEL-20071,BEL,2007,0.03251873,gdppc_tl3
BEL-20081,BEL,2008,0.031081309,gdppc_tl3
BEL-20091,BEL,2009,0.031062365,gdppc_tl3
BEL-20101,BEL,2010,0.031780117,gdppc_tl3
BEL-20111,BEL,2011,0.030904776,gdppc_tl3
BEL-20121,BEL,2012,0.033088736,gdppc_tl3
BEL-20131,BEL,2013,0.03315819,gdppc_tl3
BEL-20141,BEL,2014,0.033008342,gdppc_tl3
BEL-20151,BEL,2015,0.034124208,gdppc_tl3
BEL-20161,BEL,2016,0.035936397,gdppc_tl3
BEL-20171,BEL,2017,0.036149315,gdppc_tl3
BEL-20181,BEL,2018,0.036012744,gdppc_tl3
BEL-20191,BEL,2019,0.037128948,gdppc_tl3
BEL-20201,BEL,2020,0.037919612,gdppc_tl3
CZE-20001,CZE,2000,0.016417077,gdppc_tl3
CZE-20011,CZE,2001,0.017572154,gdppc_tl3
CZE-20021,CZE,2002,0.021095639,gdppc_tl3
CZE-20031,CZE,2003,0.021841263,gdppc_tl3
CZE-20041,CZE,2004,0.022796608,gdppc_tl3
CZE-20051,CZE,2005,0.023016805,gdppc_tl3
CZE-20061,CZE,2006,0.02436527,gdppc_tl3
CZE-20071,CZE,2007,0.025589077,gdppc_tl3
CZE-20081,CZE,2008,0.027109416,gdppc_tl3
CZE-20091,CZE,2009,0.024696241,gdppc_tl3
CZE-20101,CZE,2010,0.025799704,gdppc_tl3
CZE-20111,CZE,2011,0.023659839,gdppc_tl3
CZE-20121,CZE,2012,0.023780382,gdppc_tl3
CZE-20131,CZE,2013,0.02398761,gdppc_tl3
CZE-20141,CZE,2014,0.023859876,gdppc_tl3
CZE-20151,CZE,2015,0.024703316,gdppc_tl3
CZE-20161,CZE,2016,0.025591837,gdppc_tl3
CZE-20171,CZE,2017,0.024757799,gdppc_tl3
CZE-20181,CZE,2018,0.026086427,gdppc_tl3
CZE-20191,CZE,2019,0.026797366,gdppc_tl3
CZE-20201,CZE,2020,0.024826336,gdppc_tl3
DEU-20001,DEU,2000,0.041875633,gdppc_tl3
DEU-20011,DEU,2001,0.043378356,gdppc_tl3
DEU-20021,DEU,2002,0.041928018,gdppc_tl3
DEU-20031,DEU,2003,0.041674725,gdppc_tl3
DEU-20041,DEU,2004,0.041563882,gdppc_tl3
DEU-20051,DEU,2005,0.0419999,gdppc_tl3
DEU-20061,DEU,2006,0.042619921,gdppc_tl3
DEU-20071,DEU,2007,0.042817325,gdppc_tl3
DEU-20081,DEU,2008,0.041028821,gdppc_tl3
DEU-20091,DEU,2009,0.040368742,gdppc_tl3
DEU-20101,DEU,2010,0.040254063,gdppc_tl3
DEU-20111,DEU,2011,0.040822046,gdppc_tl3
DEU-20121,DEU,2012,0.038903581,gdppc_tl3
DEU-20131,DEU,2013,0.037649302,gdppc_tl3
DEU-20141,DEU,2014,0.037164534,gdppc_tl3
DEU-20151,DEU,2015,0.036607808,gdppc_tl3
DEU-20161,DEU,2016,0.038250375,gdppc_tl3
DEU-20171,DEU,2017,0.037715996,gdppc_tl3
DEU-20181,DEU,2018,0.036829424,gdppc_tl3
DEU-20191,DEU,2019,0.036017121,gdppc_tl3
DEU-20201,DEU,2020,0.034362734,gdppc_tl3
DNK-20001,DNK,2000,0.013032805,gdppc_tl3
DNK-20011,DNK,2001,0.012468858,gdppc_tl3
DNK-20021,DNK,2002,0.011453894,gdppc_tl3
DNK-20031,DNK,2003,0.012165337,gdppc_tl3
DNK-20041,DNK,2004,0.014158379,gdppc_tl3
DNK-20051,DNK,2005,0.015361415,gdppc_tl3
DNK-20061,DNK,2006,0.013356856,gdppc_tl3
DNK-20071,DNK,2007,0.013491803,gdppc_tl3
DNK-20081,DNK,2008,0.014601522,gdppc_tl3
DNK-20091,DNK,2009,0.015309878,gdppc_tl3
DNK-20101,DNK,2010,0.017069716,gdppc_tl3
DNK-20111,DNK,2011,0.015836089,gdppc_tl3
DNK-20121,DNK,2012,0.015225318,gdppc_tl3
DNK-20131,DNK,2013,0.016651455,gdppc_tl3
DNK-20141,DNK,2014,0.016712832,gdppc_tl3
DNK-20151,DNK,2015,0.016598786,gdppc_tl3
DNK-20161,DNK,2016,0.017574894,gdppc_tl3
DNK-20171,DNK,2017,0.017332102,gdppc_tl3
DNK-20181,DNK,2018,0.017770349,gdppc_tl3
DNK-20191,DNK,2019,0.016751116,gdppc_tl3
DNK-20201,DNK,2020,0.017398361,gdppc_tl3
ESP-20001,ESP,2000,0.02433487,gdppc_tl3
ESP-20011,ESP,2001,0.024544201,gdppc_tl3
ESP-20021,ESP,2002,0.023623666,gdppc_tl3
ESP-20031,ESP,2003,0.020919919,gdppc_tl3
ESP-20041,ESP,2004,0.019825164,gdppc_tl3
ESP-20051,ESP,2005,0.017921357,gdppc_tl3
ESP-20061,ESP,2006,0.018025228,gdppc_tl3
ESP-20071,ESP,2007,0.017994986,gdppc_tl3
ESP-20081,ESP,2008,0.017987159,gdppc_tl3
ESP-20091,ESP,2009,0.017239195,gdppc_tl3
ESP-20101,ESP,2010,0.017315669,gdppc_tl3
ESP-20111,ESP,2011,0.018108784,gdppc_tl3
ESP-20121,ESP,2012,0.018930707,gdppc_tl3
ESP-20131,ESP,2013,0.019602,gdppc_tl3
ESP-20141,ESP,2014,0.020575248,gdppc_tl3
ESP-20151,ESP,2015,0.020046216,gdppc_tl3
ESP-20161,ESP,2016,0.020782604,gdppc_tl3
ESP-20171,ESP,2017,0.019834393,gdppc_tl3
ESP-20181,ESP,2018,0.01957251,gdppc_tl3
ESP-20191,ESP,2019,0.019543278,gdppc_tl3
ESP-20201,ESP,2020,0.02073051,gdppc_tl3
EST-2000,EST,2000,0.062479515,gdppc_tl3
EST-2001,EST,2001,0.066121656,gdppc_tl3
EST-2002,EST,2002,0.068532975,gdppc_tl3
EST-2003,EST,2003,0.070665062,gdppc_tl3
EST-2004,EST,2004,0.073572753,gdppc_tl3
EST-2005,EST,2005,0.067015897,gdppc_tl3
EST-2006,EST,2006,0.072101749,gdppc_tl3
EST-2007,EST,2007,0.060432295,gdppc_tl3
EST-2008,EST,2008,0.055370083,gdppc_tl3
EST-2009,EST,2009,0.075064686,gdppc_tl3
EST-2010,EST,2010,0.056964662,gdppc_tl3
EST-2011,EST,2011,0.063723632,gdppc_tl3
EST-2012,EST,2012,0.07217823,gdppc_tl3
EST-2013,EST,2013,0.074036008,gdppc_tl3
EST-2014,EST,2014,0.082908562,gdppc_tl3
EST-2015,EST,2015,0.088485527,gdppc_tl3
EST-2016,EST,2016,0.08920154,gdppc_tl3
EST-2017,EST,2017,0.084168175,gdppc_tl3
EST-2018,EST,2018,0.073971469,gdppc_tl3
EST-2019,EST,2019,0.077015589,gdppc_tl3
EST-2020,EST,2020,0.078731237,gdppc_tl3
FIN-20001,FIN,2000,0.019682266,gdppc_tl3
FIN-20011,FIN,2001,0.021951115,gdppc_tl3
FIN-20021,FIN,2002,0.021951016,gdppc_tl3
FIN-20031,FIN,2003,0.018637324,gdppc_tl3
FIN-20041,FIN,2004,0.018020953,gdppc_tl3
FIN-20051,FIN,2005,0.017528568,gdppc_tl3
FIN-20061,FIN,2006,0.01578292,gdppc_tl3
FIN-20071,FIN,2007,0.015117753,gdppc_tl3
FIN-20081,FIN,2008,0.014045777,gdppc_tl3
FIN-20091,FIN,2009,0.017739763,gdppc_tl3
FIN-20101,FIN,2010,0.01556398,gdppc_tl3
FIN-20111,FIN,2011,0.012619698,gdppc_tl3
FIN-20121,FIN,2012,0.012451787,gdppc_tl3
FIN-20131,FIN,2013,0.013582068,gdppc_tl3
FIN-20141,FIN,2014,0.012322063,gdppc_tl3
FIN-20151,FIN,2015,0.013230099,gdppc_tl3
FIN-20161,FIN,2016,0.011285461,gdppc_tl3
FIN-20171,FIN,2017,0.010479875,gdppc_tl3
FIN-20181,FIN,2018,0.008633663,gdppc_tl3
FIN-20191,FIN,2019,0.008983734,gdppc_tl3
FIN-20201,FIN,2020,0.007303065,gdppc_tl3
FRA-20001,FRA,2000,0.021481551,gdppc_tl3
FRA-20011,FRA,2001,0.020753167,gdppc_tl3
FRA-20021,FRA,2002,0.019815025,gdppc_tl3
FRA-20031,FRA,2003,0.019744397,gdppc_tl3
FRA-20041,FRA,2004,0.019530303,gdppc_tl3
FRA-20051,FRA,2005,0.019252855,gdppc_tl3
FRA-20061,FRA,2006,0.019317856,gdppc_tl3
FRA-20071,FRA,2007,0.019578995,gdppc_tl3
FRA-20081,FRA,2008,0.020051474,gdppc_tl3
FRA-20091,FRA,2009,0.019810278,gdppc_tl3
FRA-20101,FRA,2010,0.021922999,gdppc_tl3
FRA-20111,FRA,2011,0.021437231,gdppc_tl3
FRA-20121,FRA,2012,0.021909343,gdppc_tl3
FRA-20131,FRA,2013,0.021704537,gdppc_tl3
FRA-20141,FRA,2014,0.021296155,gdppc_tl3
FRA-20151,FRA,2015,0.021320025,gdppc_tl3
FRA-20161,FRA,2016,0.021972396,gdppc_tl3
FRA-20171,FRA,2017,0.021876029,gdppc_tl3
FRA-20181,FRA,2018,0.02286673,gdppc_tl3
FRA-20191,FRA,2019,0.023165281,gdppc_tl3
FRA-20201,FRA,2020,0.021576415,gdppc_tl3
GBR-20001,GBR,2000,0.0244937,gdppc_tl3
GBR-20011,GBR,2001,0.025599203,gdppc_tl3
GBR-20021,GBR,2002,0.026002082,gdppc_tl3
GBR-20031,GBR,2003,0.025201172,gdppc_tl3
GBR-20041,GBR,2004,0.024409804,gdppc_tl3
GBR-20051,GBR,2005,0.02473126,gdppc_tl3
GBR-20061,GBR,2006,0.024433575,gdppc_tl3
GBR-20071,GBR,2007,0.026536789,gdppc_tl3
GBR-20081,GBR,2008,0.026429846,gdppc_tl3
GBR-20091,GBR,2009,0.027560674,gdppc_tl3
GBR-20101,GBR,2010,0.027141074,gdppc_tl3
GBR-20111,GBR,2011,0.026534852,gdppc_tl3
GBR-20121,GBR,2012,0.026065796,gdppc_tl3
GBR-20131,GBR,2013,0.026802579,gdppc_tl3
GBR-20141,GBR,2014,0.028062003,gdppc_tl3
GBR-20151,GBR,2015,0.028071063,gdppc_tl3
GBR-20161,GBR,2016,0.026603974,gdppc_tl3
GBR-20171,GBR,2017,0.02715815,gdppc_tl3
GBR-20181,GBR,2018,0.027933081,gdppc_tl3
GBR-20191,GBR,2019,0.027711188,gdppc_tl3
GBR-20201,GBR,2020,0.027807979,gdppc_tl3
GRC-20001,GRC,2000,0.028659062,gdppc_tl3
GRC-20011,GRC,2001,0.028082363,gdppc_tl3
GRC-20021,GRC,2002,0.02817622,gdppc_tl3
GRC-20031,GRC,2003,0.03111107,gdppc_tl3
GRC-20041,GRC,2004,0.032033288,gdppc_tl3
GRC-20051,GRC,2005,0.029762205,gdppc_tl3
GRC-20061,GRC,2006,0.035909642,gdppc_tl3
GRC-20071,GRC,2007,0.032367911,gdppc_tl3
GRC-20081,GRC,2008,0.031104295,gdppc_tl3
GRC-20091,GRC,2009,0.029022332,gdppc_tl3
GRC-20101,GRC,2010,0.027998155,gdppc_tl3
GRC-20111,GRC,2011,0.028050005,gdppc_tl3
GRC-20121,GRC,2012,0.027734423,gdppc_tl3
GRC-20131,GRC,2013,0.028683231,gdppc_tl3
GRC-20141,GRC,2014,0.028070465,gdppc_tl3
GRC-20151,GRC,2015,0.026171485,gdppc_tl3
GRC-20161,GRC,2016,0.025758406,gdppc_tl3
GRC-20171,GRC,2017,0.027060883,gdppc_tl3
GRC-20181,GRC,2018,0.027352768,gdppc_tl3
GRC-20191,GRC,2019,0.027691422,gdppc_tl3
GRC-20201,GRC,2020,0.025686284,gdppc_tl3
HUN-20001,HUN,2000,0.043251812,gdppc_tl3
HUN-20011,HUN,2001,0.034972458,gdppc_tl3
HUN-20021,HUN,2002,0.0371762,gdppc_tl3
HUN-20031,HUN,2003,0.040053603,gdppc_tl3
HUN-20041,HUN,2004,0.04199066,gdppc_tl3
HUN-20051,HUN,2005,0.045409644,gdppc_tl3
HUN-20061,HUN,2006,0.047879479,gdppc_tl3
HUN-20071,HUN,2007,0.051197577,gdppc_tl3
HUN-20081,HUN,2008,0.049802504,gdppc_tl3
HUN-20091,HUN,2009,0.049811511,gdppc_tl3
HUN-20101,HUN,2010,0.050492007,gdppc_tl3
HUN-20111,HUN,2011,0.05055028,gdppc_tl3
HUN-20121,HUN,2012,0.048499267,gdppc_tl3
HUN-20131,HUN,2013,0.046869541,gdppc_tl3
HUN-20141,HUN,2014,0.047696677,gdppc_tl3
HUN-20151,HUN,2015,0.045519046,gdppc_tl3
HUN-20161,HUN,2016,0.047013103,gdppc_tl3
HUN-20171,HUN,2017,0.043374483,gdppc_tl3
HUN-20181,HUN,2018,0.040658545,gdppc_tl3
HUN-20191,HUN,2019,0.040419415,gdppc_tl3
HUN-20201,HUN,2020,0.037331921,gdppc_tl3
ITA-20001,ITA,2000,0.035759215,gdppc_tl3
ITA-20011,ITA,2001,0.034712686,gdppc_tl3
ITA-20021,ITA,2002,0.033569145,gdppc_tl3
ITA-20031,ITA,2003,0.033027083,gdppc_tl3
ITA-20041,ITA,2004,0.032474451,gdppc_tl3
ITA-20051,ITA,2005,0.031582307,gdppc_tl3
ITA-20061,ITA,2006,0.030987979,gdppc_tl3
ITA-20071,ITA,2007,0.031827535,gdppc_tl3
ITA-20081,ITA,2008,0.033663445,gdppc_tl3
ITA-20091,ITA,2009,0.032153827,gdppc_tl3
ITA-20101,ITA,2010,0.033457976,gdppc_tl3
ITA-20111,ITA,2011,0.034692709,gdppc_tl3
ITA-20121,ITA,2012,0.034093673,gdppc_tl3
ITA-20131,ITA,2013,0.035001284,gdppc_tl3
ITA-20141,ITA,2014,0.036799957,gdppc_tl3
ITA-20151,ITA,2015,0.036513534,gdppc_tl3
ITA-20161,ITA,2016,0.038389391,gdppc_tl3
ITA-20171,ITA,2017,0.038621582,gdppc_tl3
ITA-20181,ITA,2018,0.038863283,gdppc_tl3
ITA-20191,ITA,2019,0.03892841,gdppc_tl3
ITA-20201,ITA,2020,0.037702827,gdppc_tl3
JPN-20001,JPN,2000,0.006997195,gdppc_tl3
JPN-20011,JPN,2001,0.006996086,gdppc_tl3
JPN-20021,JPN,2002,0.007461297,gdppc_tl3
JPN-20031,JPN,2003,0.00745038,gdppc_tl3
JPN-20041,JPN,2004,0.008055037,gdppc_tl3
JPN-20051,JPN,2005,0.008927283,gdppc_tl3
JPN-20061,JPN,2006,0.010767333,gdppc_tl3
JPN-20071,JPN,2007,0.011326747,gdppc_tl3
JPN-20081,JPN,2008,0.010368135,gdppc_tl3
JPN-20091,JPN,2009,0.008609415,gdppc_tl3
JPN-20101,JPN,2010,0.009061197,gdppc_tl3
JPN-20111,JPN,2011,0.009254888,gdppc_tl3
JPN-20121,JPN,2012,0.008904057,gdppc_tl3
JPN-20131,JPN,2013,0.009035562,gdppc_tl3
JPN-20141,JPN,2014,0.008734734,gdppc_tl3
JPN-20151,JPN,2015,0.008232145,gdppc_tl3
JPN-20161,JPN,2016,0.007556504,gdppc_tl3
JPN-20171,JPN,2017,0.007788098,gdppc_tl3
JPN-20181,JPN,2018,0.007845704,gdppc_tl3
JPN-20191,JPN,2019,0.007809658,gdppc_tl3
JPN-20201,JPN,2020,0.007820184,gdppc_tl3
KOR-20001,KOR,2000,0.055373851,gdppc_tl3
KOR-20011,KOR,2001,0.053282663,gdppc_tl3
KOR-20021,KOR,2002,0.054856653,gdppc_tl3
KOR-20031,KOR,2003,0.049752323,gdppc_tl3
KOR-20041,KOR,2004,0.061897429,gdppc_tl3
KOR-20051,KOR,2005,0.057911961,gdppc_tl3
KOR-20061,KOR,2006,0.054576867,gdppc_tl3
KOR-20071,KOR,2007,0.056583021,gdppc_tl3
KOR-20081,KOR,2008,0.058611587,gdppc_tl3
KOR-20091,KOR,2009,0.051482995,gdppc_tl3
KOR-20101,KOR,2010,0.064686565,gdppc_tl3
KOR-20111,KOR,2011,0.07144427,gdppc_tl3
KOR-20121,KOR,2012,0.066212755,gdppc_tl3
KOR-20131,KOR,2013,0.063080771,gdppc_tl3
KOR-20141,KOR,2014,0.055396183,gdppc_tl3
KOR-20151,KOR,2015,0.050335447,gdppc_tl3
KOR-20161,KOR,2016,0.048033892,gdppc_tl3
KOR-20171,KOR,2017,0.047821416,gdppc_tl3
KOR-20181,KOR,2018,0.042474878,gdppc_tl3
KOR-20191,KOR,2019,0.038982665,gdppc_tl3
KOR-20201,KOR,2020,0.034489529,gdppc_tl3
LTU-2000,LTU,2000,0.026553726,gdppc_tl3
LTU-2001,LTU,2001,0.031156124,gdppc_tl3
LTU-2002,LTU,2002,0.03685271,gdppc_tl3
LTU-2003,LTU,2003,0.037901561,gdppc_tl3
LTU-2004,LTU,2004,0.038303331,gdppc_tl3
LTU-2005,LTU,2005,0.043348556,gdppc_tl3
LTU-2006,LTU,2006,0.049447034,gdppc_tl3
LTU-2007,LTU,2007,0.054527704,gdppc_tl3
LTU-2008,LTU,2008,0.045761084,gdppc_tl3
LTU-2009,LTU,2009,0.047147905,gdppc_tl3
LTU-2010,LTU,2010,0.043631554,gdppc_tl3
LTU-2011,LTU,2011,0.039934127,gdppc_tl3
LTU-2012,LTU,2012,0.041324142,gdppc_tl3
LTU-2013,LTU,2013,0.043741415,gdppc_tl3
LTU-2014,LTU,2014,0.044818678,gdppc_tl3
LTU-2015,LTU,2015,0.045998155,gdppc_tl3
LTU-2016,LTU,2016,0.048226033,gdppc_tl3
LTU-2017,LTU,2017,0.045416199,gdppc_tl3
LTU-2018,LTU,2018,0.048380493,gdppc_tl3
LTU-2019,LTU,2019,0.050616305,gdppc_tl3
LTU-2020,LTU,2020,0.049905039,gdppc_tl3
LVA-2000,LVA,2000,0.073356456,gdppc_tl3
LVA-2001,LVA,2001,0.076255262,gdppc_tl3
LVA-2002,LVA,2002,0.074489681,gdppc_tl3
LVA-2003,LVA,2003,0.075521519,gdppc_tl3
LVA-2004,LVA,2004,0.073361222,gdppc_tl3
LVA-2005,LVA,2005,0.076601642,gdppc_tl3
LVA-2006,LVA,2006,0.085473805,gdppc_tl3
LVA-2007,LVA,2007,0.068271881,gdppc_tl3
LVA-2008,LVA,2008,0.065801844,gdppc_tl3
LVA-2009,LVA,2009,0.053564218,gdppc_tl3
LVA-2010,LVA,2010,0.056852534,gdppc_tl3
LVA-2011,LVA,2011,0.049481229,gdppc_tl3
LVA-2012,LVA,2012,0.054439596,gdppc_tl3
LVA-2013,LVA,2013,0.067500798,gdppc_tl3
LVA-2014,LVA,2014,0.062112432,gdppc_tl3
LVA-2015,LVA,2015,0.065893648,gdppc_tl3
LVA-2016,LVA,2016,0.06610714,gdppc_tl3
LVA-2017,LVA,2017,0.064991096,gdppc_tl3
LVA-2018,LVA,2018,0.078892132,gdppc_tl3
LVA-2019,LVA,2019,0.061548691,gdppc_tl3
LVA-2020,LVA,2020,0.061198939,gdppc_tl3
NLD-20001,NLD,2000,0.022574986,gdppc_tl3
NLD-20011,NLD,2001,0.023361832,gdppc_tl3
NLD-20021,NLD,2002,0.022969636,gdppc_tl3
NLD-20031,NLD,2003,0.022019816,gdppc_tl3
NLD-20041,NLD,2004,0.022760032,gdppc_tl3
NLD-20051,NLD,2005,0.023205113,gdppc_tl3
NLD-20061,NLD,2006,0.023797036,gdppc_tl3
NLD-20071,NLD,2007,0.021844346,gdppc_tl3
NLD-20081,NLD,2008,0.023209973,gdppc_tl3
NLD-20091,NLD,2009,0.021511314,gdppc_tl3
NLD-20101,NLD,2010,0.022856667,gdppc_tl3
NLD-20111,NLD,2011,0.021102978,gdppc_tl3
NLD-20121,NLD,2012,0.022945027,gdppc_tl3
NLD-20131,NLD,2013,0.02425649,gdppc_tl3
NLD-20141,NLD,2014,0.02113334,gdppc_tl3
NLD-20151,NLD,2015,0.021304226,gdppc_tl3
NLD-20161,NLD,2016,0.020050949,gdppc_tl3
NLD-20171,NLD,2017,0.019797632,gdppc_tl3
NLD-20181,NLD,2018,0.019758955,gdppc_tl3
NLD-20191,NLD,2019,0.019697149,gdppc_tl3
NLD-20201,NLD,2020,0.018042346,gdppc_tl3
NOR-20001,NOR,2000,0.050427787,gdppc_tl3
NOR-20011,NOR,2001,0.048844803,gdppc_tl3
NOR-20021,NOR,2002,0.039419219,gdppc_tl3
NOR-20031,NOR,2003,0.03660714,gdppc_tl3
NOR-20041,NOR,2004,0.040253908,gdppc_tl3
NOR-20051,NOR,2005,0.044189198,gdppc_tl3
NOR-20061,NOR,2006,0.042371227,gdppc_tl3
NOR-20071,NOR,2007,0.045206924,gdppc_tl3
NOR-20081,NOR,2008,0.031306977,gdppc_tl3
NOR-20091,NOR,2009,0.028633011,gdppc_tl3
NOR-20101,NOR,2010,0.032192255,gdppc_tl3
NOR-20111,NOR,2011,0.03217253,gdppc_tl3
NOR-20121,NOR,2012,0.033641336,gdppc_tl3
NOR-20131,NOR,2013,0.03359441,gdppc_tl3
NOR-20141,NOR,2014,0.031937729,gdppc_tl3
NOR-20151,NOR,2015,0.03001732,gdppc_tl3
NOR-20161,NOR,2016,0.027971549,gdppc_tl3
NOR-20171,NOR,2017,0.028214365,gdppc_tl3
NOR-20181,NOR,2018,0.027368516,gdppc_tl3
NOR-20191,NOR,2019,0.028458227,gdppc_tl3
NOR-20201,NOR,2020,0.028458227,gdppc_tl3
NZL-20001,NZL,2000,0.02245017,gdppc_tl3
NZL-20011,NZL,2001,0.020083126,gdppc_tl3
NZL-20021,NZL,2002,0.020619109,gdppc_tl3
NZL-20031,NZL,2003,0.017354093,gdppc_tl3
NZL-20041,NZL,2004,0.014873844,gdppc_tl3
NZL-20051,NZL,2005,0.014127287,gdppc_tl3
NZL-20061,NZL,2006,0.014961992,gdppc_tl3
NZL-20071,NZL,2007,0.032752086,gdppc_tl3
NZL-20081,NZL,2008,0.033850296,gdppc_tl3
NZL-20091,NZL,2009,0.031071732,gdppc_tl3
NZL-20101,NZL,2010,0.029288549,gdppc_tl3
NZL-20111,NZL,2011,0.02707545,gdppc_tl3
NZL-20121,NZL,2012,0.027204677,gdppc_tl3
NZL-20131,NZL,2013,0.026076171,gdppc_tl3
NZL-20141,NZL,2014,0.023798785,gdppc_tl3
NZL-20151,NZL,2015,0.015600758,gdppc_tl3
NZL-20161,NZL,2016,0.012745133,gdppc_tl3
NZL-20171,NZL,2017,0.012602192,gdppc_tl3
NZL-20181,NZL,2018,0.013165186,gdppc_tl3
NZL-20191,NZL,2019,0.013236159,gdppc_tl3
NZL-20201,NZL,2020,0.01136375,gdppc_tl3
POL-20001,POL,2000,0.040029275,gdppc_tl3
POL-20011,POL,2001,0.037051568,gdppc_tl3
POL-20021,POL,2002,0.037549914,gdppc_tl3
POL-20031,POL,2003,0.037090134,gdppc_tl3
POL-20041,POL,2004,0.040911805,gdppc_tl3
POL-20051,POL,2005,0.042543253,gdppc_tl3
POL-20061,POL,2006,0.045641472,gdppc_tl3
POL-20071,POL,2007,0.045878025,gdppc_tl3
POL-20081,POL,2008,0.043509724,gdppc_tl3
POL-20091,POL,2009,0.046374181,gdppc_tl3
POL-20101,POL,2010,0.050048303,gdppc_tl3
POL-20111,POL,2011,0.050492858,gdppc_tl3
POL-20121,POL,2012,0.051025101,gdppc_tl3
POL-20131,POL,2013,0.04844486,gdppc_tl3
POL-20141,POL,2014,0.048206754,gdppc_tl3
POL-20151,POL,2015,0.050179071,gdppc_tl3
POL-20161,POL,2016,0.05048708,gdppc_tl3
POL-20171,POL,2017,0.049831437,gdppc_tl3
POL-20181,POL,2018,0.049876765,gdppc_tl3
POL-20191,POL,2019,0.05200847,gdppc_tl3
POL-20201,POL,2020,0.048507052,gdppc_tl3
PRT-20001,PRT,2000,0.030224254,gdppc_tl3
PRT-20011,PRT,2001,0.028546602,gdppc_tl3
PRT-20021,PRT,2002,0.028822843,gdppc_tl3
PRT-20031,PRT,2003,0.029790422,gdppc_tl3
PRT-20041,PRT,2004,0.028662316,gdppc_tl3
PRT-20051,PRT,2005,0.028837827,gdppc_tl3
PRT-20061,PRT,2006,0.028357391,gdppc_tl3
PRT-20071,PRT,2007,0.027719874,gdppc_tl3
PRT-20081,PRT,2008,0.026146202,gdppc_tl3
PRT-20091,PRT,2009,0.020796072,gdppc_tl3
PRT-20101,PRT,2010,0.021369827,gdppc_tl3
PRT-20111,PRT,2011,0.0208894,gdppc_tl3
PRT-20121,PRT,2012,0.019182316,gdppc_tl3
PRT-20131,PRT,2013,0.016361873,gdppc_tl3
PRT-20141,PRT,2014,0.016174795,gdppc_tl3
PRT-20151,PRT,2015,0.020248012,gdppc_tl3
PRT-20161,PRT,2016,0.017977636,gdppc_tl3
PRT-20171,PRT,2017,0.020319875,gdppc_tl3
PRT-20181,PRT,2018,0.017314625,gdppc_tl3
PRT-20191,PRT,2019,0.016130505,gdppc_tl3
PRT-20201,PRT,2020,0.011478839,gdppc_tl3
SVK-20001,SVK,2000,0.091987541,gdppc_tl3
SVK-20011,SVK,2001,0.090038555,gdppc_tl3
SVK-20021,SVK,2002,0.097097137,gdppc_tl3
SVK-20031,SVK,2003,0.095114614,gdppc_tl3
SVK-20041,SVK,2004,0.095835903,gdppc_tl3
SVK-20051,SVK,2005,0.118062082,gdppc_tl3
SVK-20061,SVK,2006,0.114113301,gdppc_tl3
SVK-20071,SVK,2007,0.119881335,gdppc_tl3
SVK-20081,SVK,2008,0.111247055,gdppc_tl3
SVK-20091,SVK,2009,0.131404973,gdppc_tl3
SVK-20101,SVK,2010,0.129254006,gdppc_tl3
SVK-20111,SVK,2011,0.124918122,gdppc_tl3
SVK-20121,SVK,2012,0.116164729,gdppc_tl3
SVK-20131,SVK,2013,0.123148143,gdppc_tl3
SVK-20141,SVK,2014,0.116158961,gdppc_tl3
SVK-20151,SVK,2015,0.11558344,gdppc_tl3
SVK-20161,SVK,2016,0.116473459,gdppc_tl3
SVK-20171,SVK,2017,0.111450863,gdppc_tl3
SVK-20181,SVK,2018,0.105861263,gdppc_tl3
SVK-20191,SVK,2019,0.100495168,gdppc_tl3
SVK-20201,SVK,2020,0.099854349,gdppc_tl3
SVN-20001,SVN,2000,0.017571902,gdppc_tl3
SVN-20011,SVN,2001,0.018930733,gdppc_tl3
SVN-20021,SVN,2002,0.020301842,gdppc_tl3
SVN-20031,SVN,2003,0.024729006,gdppc_tl3
SVN-20041,SVN,2004,0.024907943,gdppc_tl3
SVN-20051,SVN,2005,0.025133275,gdppc_tl3
SVN-20061,SVN,2006,0.028047558,gdppc_tl3
SVN-20071,SVN,2007,0.027888547,gdppc_tl3
SVN-20081,SVN,2008,0.027467004,gdppc_tl3
SVN-20091,SVN,2009,0.028844636,gdppc_tl3
SVN-20101,SVN,2010,0.028598906,gdppc_tl3
SVN-20111,SVN,2011,0.026744934,gdppc_tl3
SVN-20121,SVN,2012,0.026442648,gdppc_tl3
SVN-20131,SVN,2013,0.024193175,gdppc_tl3
SVN-20141,SVN,2014,0.024441952,gdppc_tl3
SVN-20151,SVN,2015,0.025070885,gdppc_tl3
SVN-20161,SVN,2016,0.025336864,gdppc_tl3
SVN-20171,SVN,2017,0.026659502,gdppc_tl3
SVN-20181,SVN,2018,0.026935441,gdppc_tl3
SVN-20191,SVN,2019,0.026933993,gdppc_tl3
SVN-20201,SVN,2020,0.027144679,gdppc_tl3
SWE-20001,SWE,2000,0.009969434,gdppc_tl3
SWE-20011,SWE,2001,0.009698899,gdppc_tl3
SWE-20021,SWE,2002,0.008753596,gdppc_tl3
SWE-20031,SWE,2003,0.008275437,gdppc_tl3
SWE-20041,SWE,2004,0.008879885,gdppc_tl3
SWE-20051,SWE,2005,0.00954646,gdppc_tl3
SWE-20061,SWE,2006,0.008729756,gdppc_tl3
SWE-20071,SWE,2007,0.009692791,gdppc_tl3
SWE-20081,SWE,2008,0.009542826,gdppc_tl3
SWE-20091,SWE,2009,0.011939051,gdppc_tl3
SWE-20101,SWE,2010,0.010274384,gdppc_tl3
SWE-20111,SWE,2011,0.010848414,gdppc_tl3
SWE-20121,SWE,2012,0.010514681,gdppc_tl3
SWE-20131,SWE,2013,0.010725977,gdppc_tl3
SWE-20141,SWE,2014,0.011489812,gdppc_tl3
SWE-20151,SWE,2015,0.012385654,gdppc_tl3
SWE-20161,SWE,2016,0.011907904,gdppc_tl3
SWE-20171,SWE,2017,0.011743783,gdppc_tl3
SWE-20181,SWE,2018,0.011342363,gdppc_tl3
SWE-20191,SWE,2019,0.012112509,gdppc_tl3
SWE-20201,SWE,2020,0.013652337,gdppc_tl3
TUR-20001,TUR,2000,0.074593725,gdppc_tl3
TUR-20011,TUR,2001,0.074593725,gdppc_tl3
TUR-20021,TUR,2002,0.074593725,gdppc_tl3
TUR-20031,TUR,2003,0.074593725,gdppc_tl3
TUR-20041,TUR,2004,0.074593725,gdppc_tl3
TUR-20051,TUR,2005,0.073773936,gdppc_tl3
TUR-20061,TUR,2006,0.076537413,gdppc_tl3
TUR-20071,TUR,2007,0.076899303,gdppc_tl3
TUR-20081,TUR,2008,0.075904768,gdppc_tl3
TUR-20091,TUR,2009,0.067902263,gdppc_tl3
TUR-20101,TUR,2010,0.057056804,gdppc_tl3
TUR-20111,TUR,2011,0.059209088,gdppc_tl3
TUR-20121,TUR,2012,0.056733591,gdppc_tl3
TUR-20131,TUR,2013,0.058549327,gdppc_tl3
TUR-20141,TUR,2014,0.058711333,gdppc_tl3
TUR-20151,TUR,2015,0.055473911,gdppc_tl3
TUR-20161,TUR,2016,0.053808409,gdppc_tl3
TUR-20171,TUR,2017,0.054801784,gdppc_tl3
TUR-20181,TUR,2018,0.059155504,gdppc_tl3
TUR-20191,TUR,2019,0.05486476,gdppc_tl3
TUR-20201,TUR,2020,0.051810883,gdppc_tl3
USA-20001,USA,2000,0.018123241,gdppc_tl3
USA-20011,USA,2001,0.017447384,gdppc_tl3
USA-20021,USA,2002,0.016177308,gdppc_tl3
USA-20031,USA,2003,0.016117223,gdppc_tl3
USA-20041,USA,2004,0.017089298,gdppc_tl3
USA-20051,USA,2005,0.020309774,gdppc_tl3
USA-20061,USA,2006,0.020951515,gdppc_tl3
USA-20071,USA,2007,0.022725452,gdppc_tl3
USA-20081,USA,2008,0.026543527,gdppc_tl3
USA-20091,USA,2009,0.020555301,gdppc_tl3
USA-20101,USA,2010,0.022462047,gdppc_tl3
USA-20111,USA,2011,0.026256496,gdppc_tl3
USA-20121,USA,2012,0.030820188,gdppc_tl3
USA-20131,USA,2013,0.031052709,gdppc_tl3
USA-20141,USA,2014,0.03227961,gdppc_tl3
USA-20151,USA,2015,0.024345861,gdppc_tl3
USA-20161,USA,2016,0.022145756,gdppc_tl3
USA-20171,USA,2017,0.02452758,gdppc_tl3
USA-20181,USA,2018,0.028840386,gdppc_tl3
USA-20191,USA,2019,0.027809353,gdppc_tl3
USA-20201,USA,2020,0.022741451,gdppc_tl3
CHE-2008,CHE,2008,0.008230695,gdppc_tl2
CHE-2009,CHE,2009,0.008025853,gdppc_tl2
CHE-2010,CHE,2010,0.006769522,gdppc_tl2
CHE-2011,CHE,2011,0.006334503,gdppc_tl2
CHE-2012,CHE,2012,0.006366518,gdppc_tl2
CHE-2013,CHE,2013,0.005872022,gdppc_tl2
CHE-2014,CHE,2014,0.006053277,gdppc_tl2
CHE-2015,CHE,2015,0.005903066,gdppc_tl2
CHE-2016,CHE,2016,0.005880037,gdppc_tl2
CHE-2017,CHE,2017,0.00615947,gdppc_tl2
CHE-2018,CHE,2018,0.006909346,gdppc_tl2
CHE-2019,CHE,2019,0.005619993,gdppc_tl2
CHE-2008,CHE,2008,0.052981566,gdppc_tl3
CHE-2009,CHE,2009,0.053388327,gdppc_tl3
CHE-2010,CHE,2010,0.054975679,gdppc_tl3
CHE-2011,CHE,2011,0.054404849,gdppc_tl3
CHE-2012,CHE,2012,0.053871688,gdppc_tl3
CHE-2013,CHE,2013,0.053777238,gdppc_tl3
CHE-2014,CHE,2014,0.051197935,gdppc_tl3
CHE-2015,CHE,2015,0.053390968,gdppc_tl3
CHE-2016,CHE,2016,0.057644001,gdppc_tl3
CHE-2017,CHE,2017,0.05875403,gdppc_tl3
CHE-2018,CHE,2018,0.060201879,gdppc_tl3
CHE-2019,CHE,2019,0.059281042,gdppc_tl3
CHE-2020,CHE,2020,0.058831167,gdppc_tl3
