"","iso3","TIME","theil","level"
"AUS-2000","AUS","2000",0.00941779963479024,"gdppc_tl2"
"AUS-2001","AUS","2001",0.00682948829489526,"gdppc_tl2"
"AUS-2002","AUS","2002",0.00789204434604449,"gdppc_tl2"
"AUS-2003","AUS","2003",0.0075705140723601,"gdppc_tl2"
"AUS-2004","AUS","2004",0.00893824763847807,"gdppc_tl2"
"AUS-2005","AUS","2005",0.0107309541966397,"gdppc_tl2"
"AUS-2006","AUS","2006",0.0157107863641312,"gdppc_tl2"
"AUS-2007","AUS","2007",0.0158393420358957,"gdppc_tl2"
"AUS-2008","AUS","2008",0.0183540945297684,"gdppc_tl2"
"AUS-2009","AUS","2009",0.0166611825311789,"gdppc_tl2"
"AUS-2010","AUS","2010",0.0225827795844082,"gdppc_tl2"
"AUS-2011","AUS","2011",0.0252513599911325,"gdppc_tl2"
"AUS-2012","AUS","2012",0.0262356020507629,"gdppc_tl2"
"AUS-2013","AUS","2013",0.0289539448336649,"gdppc_tl2"
"AUS-2014","AUS","2014",0.0225884534032154,"gdppc_tl2"
"AUS-2015","AUS","2015",0.0191757105274044,"gdppc_tl2"
"AUS-2016","AUS","2016",0.0194793528920973,"gdppc_tl2"
"AUS-2017","AUS","2017",0.0187805460749409,"gdppc_tl2"
"AUS-2018","AUS","2018",0.022334645274278,"gdppc_tl2"
"AUS-2019","AUS","2019",0.0286727043828983,"gdppc_tl2"
"AUS-2020","AUS","2020",0.0341182934885263,"gdppc_tl2"
"AUT-2000","AUT","2000",0.021059124819001,"gdppc_tl2"
"AUT-2001","AUT","2001",0.0214169050971448,"gdppc_tl2"
"AUT-2002","AUT","2002",0.0209646118643479,"gdppc_tl2"
"AUT-2003","AUT","2003",0.0193679735553936,"gdppc_tl2"
"AUT-2004","AUT","2004",0.0175671255361285,"gdppc_tl2"
"AUT-2005","AUT","2005",0.0182007137418663,"gdppc_tl2"
"AUT-2006","AUT","2006",0.0189045573795995,"gdppc_tl2"
"AUT-2007","AUT","2007",0.0176117060559184,"gdppc_tl2"
"AUT-2008","AUT","2008",0.0178717933268879,"gdppc_tl2"
"AUT-2009","AUT","2009",0.0179900475516585,"gdppc_tl2"
"AUT-2010","AUT","2010",0.0177156247205987,"gdppc_tl2"
"AUT-2011","AUT","2011",0.016882818833028,"gdppc_tl2"
"AUT-2012","AUT","2012",0.0159286187888748,"gdppc_tl2"
"AUT-2013","AUT","2013",0.0153288672358381,"gdppc_tl2"
"AUT-2014","AUT","2014",0.0145841232117894,"gdppc_tl2"
"AUT-2015","AUT","2015",0.014874812273899,"gdppc_tl2"
"AUT-2016","AUT","2016",0.0147887338895693,"gdppc_tl2"
"AUT-2017","AUT","2017",0.0131838430462594,"gdppc_tl2"
"AUT-2018","AUT","2018",0.0137825831488632,"gdppc_tl2"
"AUT-2019","AUT","2019",0.0128643394304186,"gdppc_tl2"
"AUT-2020","AUT","2020",0.0122005327140482,"gdppc_tl2"
"BEL-2000","BEL","2000",0.0873975792206002,"gdppc_tl2"
"BEL-2001","BEL","2001",0.0886812407391135,"gdppc_tl2"
"BEL-2002","BEL","2002",0.0886664343719888,"gdppc_tl2"
"BEL-2003","BEL","2003",0.0867148580774783,"gdppc_tl2"
"BEL-2004","BEL","2004",0.0855487110147678,"gdppc_tl2"
"BEL-2005","BEL","2005",0.08307774681176,"gdppc_tl2"
"BEL-2006","BEL","2006",0.0829005322490715,"gdppc_tl2"
"BEL-2007","BEL","2007",0.0798564828780284,"gdppc_tl2"
"BEL-2008","BEL","2008",0.0750436715996257,"gdppc_tl2"
"BEL-2009","BEL","2009",0.0767240148193014,"gdppc_tl2"
"BEL-2010","BEL","2010",0.0728981625656657,"gdppc_tl2"
"BEL-2011","BEL","2011",0.0710303050480694,"gdppc_tl2"
"BEL-2012","BEL","2012",0.0716088725267399,"gdppc_tl2"
"BEL-2013","BEL","2013",0.0702690337160106,"gdppc_tl2"
"BEL-2014","BEL","2014",0.0695216764692824,"gdppc_tl2"
"BEL-2015","BEL","2015",0.0706109335488309,"gdppc_tl2"
"BEL-2016","BEL","2016",0.0682342827464634,"gdppc_tl2"
"BEL-2017","BEL","2017",0.0673035809977618,"gdppc_tl2"
"BEL-2018","BEL","2018",0.0638802069804463,"gdppc_tl2"
"BEL-2019","BEL","2019",0.062779478477143,"gdppc_tl2"
"BEL-2020","BEL","2020",0.0628712818382375,"gdppc_tl2"
"CAN-2000","CAN","2000",0.0406286009791651,"gdppc_tl2"
"CAN-2001","CAN","2001",0.053692073435605,"gdppc_tl2"
"CAN-2002","CAN","2002",0.0445143424258858,"gdppc_tl2"
"CAN-2003","CAN","2003",0.0605566473562617,"gdppc_tl2"
"CAN-2004","CAN","2004",0.0714801772345425,"gdppc_tl2"
"CAN-2005","CAN","2005",0.0645634929020804,"gdppc_tl2"
"CAN-2006","CAN","2006",0.0601485557464196,"gdppc_tl2"
"CAN-2007","CAN","2007",0.0591017169832556,"gdppc_tl2"
"CAN-2008","CAN","2008",0.0662614861281398,"gdppc_tl2"
"CAN-2009","CAN","2009",0.0411540830754114,"gdppc_tl2"
"CAN-2010","CAN","2010",0.0534054056310675,"gdppc_tl2"
"CAN-2011","CAN","2011",0.0507350988386831,"gdppc_tl2"
"CAN-2012","CAN","2012",0.0435105984500945,"gdppc_tl2"
"CAN-2013","CAN","2013",0.045183174606229,"gdppc_tl2"
"CAN-2014","CAN","2014",0.0486046828243301,"gdppc_tl2"
"CAN-2015","CAN","2015",0.037996806768967,"gdppc_tl2"
"CAN-2016","CAN","2016",0.0300623279103528,"gdppc_tl2"
"CAN-2017","CAN","2017",0.0315716084264244,"gdppc_tl2"
"CAN-2018","CAN","2018",0.0311123237403498,"gdppc_tl2"
"CAN-2019","CAN","2019",0.0288680368655266,"gdppc_tl2"
"CAN-2020","CAN","2020",0.0346943908378329,"gdppc_tl2"
"COL-2000","COL","2000",0.156559905951533,"gdppc_tl2"
"COL-2001","COL","2001",0.156564526280518,"gdppc_tl2"
"COL-2002","COL","2002",0.156572515031875,"gdppc_tl2"
"COL-2003","COL","2003",0.156566786263235,"gdppc_tl2"
"COL-2004","COL","2004",0.156569088746882,"gdppc_tl2"
"COL-2005","COL","2005",0.15656486667784,"gdppc_tl2"
"COL-2006","COL","2006",0.149851537049185,"gdppc_tl2"
"COL-2007","COL","2007",0.137279346781969,"gdppc_tl2"
"COL-2008","COL","2008",0.160786699776073,"gdppc_tl2"
"COL-2009","COL","2009",0.134899375300614,"gdppc_tl2"
"COL-2010","COL","2010",0.148762416861952,"gdppc_tl2"
"COL-2011","COL","2011",0.193291783346576,"gdppc_tl2"
"COL-2012","COL","2012",0.190394891820257,"gdppc_tl2"
"COL-2013","COL","2013",0.185388173472903,"gdppc_tl2"
"COL-2014","COL","2014",0.15931591698324,"gdppc_tl2"
"COL-2015","COL","2015",0.119213242509458,"gdppc_tl2"
"COL-2016","COL","2016",0.0984886817281765,"gdppc_tl2"
"COL-2017","COL","2017",0.106096221511155,"gdppc_tl2"
"COL-2018","COL","2018",0.116917360681666,"gdppc_tl2"
"COL-2019","COL","2019",0.118922051924636,"gdppc_tl2"
"COL-2020","COL","2020",0.104936791657869,"gdppc_tl2"
"CZE-2000","CZE","2000",0.0552063497000351,"gdppc_tl2"
"CZE-2001","CZE","2001",0.0602010111186671,"gdppc_tl2"
"CZE-2002","CZE","2002",0.0704325881687342,"gdppc_tl2"
"CZE-2003","CZE","2003",0.0749664344894945,"gdppc_tl2"
"CZE-2004","CZE","2004",0.0763467460864051,"gdppc_tl2"
"CZE-2005","CZE","2005",0.0806271823360037,"gdppc_tl2"
"CZE-2006","CZE","2006",0.081160415231309,"gdppc_tl2"
"CZE-2007","CZE","2007",0.0857398002540241,"gdppc_tl2"
"CZE-2008","CZE","2008",0.0883852823619174,"gdppc_tl2"
"CZE-2009","CZE","2009",0.0856706557135727,"gdppc_tl2"
"CZE-2010","CZE","2010",0.0918490586618582,"gdppc_tl2"
"CZE-2011","CZE","2011",0.0817833808088029,"gdppc_tl2"
"CZE-2012","CZE","2012",0.081459596368204,"gdppc_tl2"
"CZE-2013","CZE","2013",0.0841188799261835,"gdppc_tl2"
"CZE-2014","CZE","2014",0.0822490554097613,"gdppc_tl2"
"CZE-2015","CZE","2015",0.0841814809828056,"gdppc_tl2"
"CZE-2016","CZE","2016",0.085013999105782,"gdppc_tl2"
"CZE-2017","CZE","2017",0.0827737500496289,"gdppc_tl2"
"CZE-2018","CZE","2018",0.0875054046880548,"gdppc_tl2"
"CZE-2019","CZE","2019",0.0859333178388655,"gdppc_tl2"
"CZE-2020","CZE","2020",0.0815890727466032,"gdppc_tl2"
"DEU-2000","DEU","2000",0.0454916504082119,"gdppc_tl2"
"DEU-2001","DEU","2001",0.0474392951795854,"gdppc_tl2"
"DEU-2002","DEU","2002",0.0462524991479153,"gdppc_tl2"
"DEU-2003","DEU","2003",0.0454694174573832,"gdppc_tl2"
"DEU-2004","DEU","2004",0.0442247321514758,"gdppc_tl2"
"DEU-2005","DEU","2005",0.0446173372038425,"gdppc_tl2"
"DEU-2006","DEU","2006",0.0420023696390124,"gdppc_tl2"
"DEU-2007","DEU","2007",0.0402655181565243,"gdppc_tl2"
"DEU-2008","DEU","2008",0.0394142169180823,"gdppc_tl2"
"DEU-2009","DEU","2009",0.0365578904466307,"gdppc_tl2"
"DEU-2010","DEU","2010",0.0358499642141901,"gdppc_tl2"
"DEU-2011","DEU","2011",0.0344260638250584,"gdppc_tl2"
"DEU-2012","DEU","2012",0.0338081875610718,"gdppc_tl2"
"DEU-2013","DEU","2013",0.0335932111623822,"gdppc_tl2"
"DEU-2014","DEU","2014",0.0314786658839183,"gdppc_tl2"
"DEU-2015","DEU","2015",0.0322695485721753,"gdppc_tl2"
"DEU-2016","DEU","2016",0.0312025480112968,"gdppc_tl2"
"DEU-2017","DEU","2017",0.0304746107513173,"gdppc_tl2"
"DEU-2018","DEU","2018",0.029970454470789,"gdppc_tl2"
"DEU-2019","DEU","2019",0.0288055304995683,"gdppc_tl2"
"DEU-2020","DEU","2020",0.0264025725999832,"gdppc_tl2"
"DNK-2000","DNK","2000",0.0149748543896732,"gdppc_tl2"
"DNK-2001","DNK","2001",0.0146293708910413,"gdppc_tl2"
"DNK-2002","DNK","2002",0.0123847497806607,"gdppc_tl2"
"DNK-2003","DNK","2003",0.0128813416067948,"gdppc_tl2"
"DNK-2004","DNK","2004",0.0147926352318143,"gdppc_tl2"
"DNK-2005","DNK","2005",0.0182090547931822,"gdppc_tl2"
"DNK-2006","DNK","2006",0.0146136881379621,"gdppc_tl2"
"DNK-2007","DNK","2007",0.0150427937476823,"gdppc_tl2"
"DNK-2008","DNK","2008",0.0176679269331672,"gdppc_tl2"
"DNK-2009","DNK","2009",0.0178506421173828,"gdppc_tl2"
"DNK-2010","DNK","2010",0.0206518059370625,"gdppc_tl2"
"DNK-2011","DNK","2011",0.0186931438106974,"gdppc_tl2"
"DNK-2012","DNK","2012",0.0190173647686819,"gdppc_tl2"
"DNK-2013","DNK","2013",0.0205372211903497,"gdppc_tl2"
"DNK-2014","DNK","2014",0.0221276850389047,"gdppc_tl2"
"DNK-2015","DNK","2015",0.0224613175446859,"gdppc_tl2"
"DNK-2016","DNK","2016",0.0219544376668892,"gdppc_tl2"
"DNK-2017","DNK","2017",0.0225472680673845,"gdppc_tl2"
"DNK-2018","DNK","2018",0.0229952231899354,"gdppc_tl2"
"DNK-2019","DNK","2019",0.021286573322788,"gdppc_tl2"
"DNK-2020","DNK","2020",0.022082756193975,"gdppc_tl2"
"ESP-2000","ESP","2000",0.0204641234276121,"gdppc_tl2"
"ESP-2001","ESP","2001",0.0203095072950359,"gdppc_tl2"
"ESP-2002","ESP","2002",0.0191340704368709,"gdppc_tl2"
"ESP-2003","ESP","2003",0.0174425911023341,"gdppc_tl2"
"ESP-2004","ESP","2004",0.0167365409869428,"gdppc_tl2"
"ESP-2005","ESP","2005",0.0161595628666554,"gdppc_tl2"
"ESP-2006","ESP","2006",0.0165056273055767,"gdppc_tl2"
"ESP-2007","ESP","2007",0.016210068134103,"gdppc_tl2"
"ESP-2008","ESP","2008",0.0163876035053841,"gdppc_tl2"
"ESP-2009","ESP","2009",0.0165964125190848,"gdppc_tl2"
"ESP-2010","ESP","2010",0.016693643517766,"gdppc_tl2"
"ESP-2011","ESP","2011",0.0178844240356089,"gdppc_tl2"
"ESP-2012","ESP","2012",0.0191542948454886,"gdppc_tl2"
"ESP-2013","ESP","2013",0.0191057053839694,"gdppc_tl2"
"ESP-2014","ESP","2014",0.0203987537591139,"gdppc_tl2"
"ESP-2015","ESP","2015",0.0198657287869446,"gdppc_tl2"
"ESP-2016","ESP","2016",0.01995121745113,"gdppc_tl2"
"ESP-2017","ESP","2017",0.0199330169657419,"gdppc_tl2"
"ESP-2018","ESP","2018",0.0193654752624065,"gdppc_tl2"
"ESP-2019","ESP","2019",0.0194241421105204,"gdppc_tl2"
"ESP-2020","ESP","2020",0.0182496364563083,"gdppc_tl2"
"FIN-2000","FIN","2000",0.0222389308481075,"gdppc_tl2"
"FIN-2001","FIN","2001",0.0275178362549418,"gdppc_tl2"
"FIN-2002","FIN","2002",0.0240273750738275,"gdppc_tl2"
"FIN-2003","FIN","2003",0.021197540342218,"gdppc_tl2"
"FIN-2004","FIN","2004",0.0204997102508356,"gdppc_tl2"
"FIN-2005","FIN","2005",0.0199518120783308,"gdppc_tl2"
"FIN-2006","FIN","2006",0.0199186708247586,"gdppc_tl2"
"FIN-2007","FIN","2007",0.018270771608887,"gdppc_tl2"
"FIN-2008","FIN","2008",0.0172132927822705,"gdppc_tl2"
"FIN-2009","FIN","2009",0.0236977424640646,"gdppc_tl2"
"FIN-2010","FIN","2010",0.0220167757555937,"gdppc_tl2"
"FIN-2011","FIN","2011",0.0175432564395182,"gdppc_tl2"
"FIN-2012","FIN","2012",0.0184591969624841,"gdppc_tl2"
"FIN-2013","FIN","2013",0.0204494601412135,"gdppc_tl2"
"FIN-2014","FIN","2014",0.0180472786949514,"gdppc_tl2"
"FIN-2015","FIN","2015",0.0205499417208045,"gdppc_tl2"
"FIN-2016","FIN","2016",0.0180380107878904,"gdppc_tl2"
"FIN-2017","FIN","2017",0.0163233332370483,"gdppc_tl2"
"FIN-2018","FIN","2018",0.014188955909628,"gdppc_tl2"
"FIN-2019","FIN","2019",0.015031766044367,"gdppc_tl2"
"FIN-2020","FIN","2020",0.0135629081778628,"gdppc_tl2"
"FRA-2000","FRA","2000",0.0675655903181681,"gdppc_tl2"
"FRA-2001","FRA","2001",0.0636992895008275,"gdppc_tl2"
"FRA-2002","FRA","2002",0.0630475130116903,"gdppc_tl2"
"FRA-2003","FRA","2003",0.0622826865297054,"gdppc_tl2"
"FRA-2004","FRA","2004",0.0604980665978713,"gdppc_tl2"
"FRA-2005","FRA","2005",0.0586173159904441,"gdppc_tl2"
"FRA-2006","FRA","2006",0.0558927851452103,"gdppc_tl2"
"FRA-2007","FRA","2007",0.058165339118516,"gdppc_tl2"
"FRA-2008","FRA","2008",0.055502399821557,"gdppc_tl2"
"FRA-2009","FRA","2009",0.0545494223339608,"gdppc_tl2"
"FRA-2010","FRA","2010",0.056530107524492,"gdppc_tl2"
"FRA-2011","FRA","2011",0.0549324917736969,"gdppc_tl2"
"FRA-2012","FRA","2012",0.0543004170355042,"gdppc_tl2"
"FRA-2013","FRA","2013",0.0546580252504981,"gdppc_tl2"
"FRA-2014","FRA","2014",0.053599825388766,"gdppc_tl2"
"FRA-2015","FRA","2015",0.0532183955219501,"gdppc_tl2"
"FRA-2016","FRA","2016",0.0531447715780511,"gdppc_tl2"
"FRA-2017","FRA","2017",0.0533087566185059,"gdppc_tl2"
"FRA-2018","FRA","2018",0.0544270209655625,"gdppc_tl2"
"FRA-2019","FRA","2019",0.0560313762744359,"gdppc_tl2"
"FRA-2020","FRA","2020",0.0522478586499227,"gdppc_tl2"
"GBR-2000","GBR","2000",0.0283064807826429,"gdppc_tl2"
"GBR-2001","GBR","2001",0.0265277296894614,"gdppc_tl2"
"GBR-2002","GBR","2002",0.02502721474367,"gdppc_tl2"
"GBR-2003","GBR","2003",0.0245270105310461,"gdppc_tl2"
"GBR-2004","GBR","2004",0.0240370530415365,"gdppc_tl2"
"GBR-2005","GBR","2005",0.0259762882399964,"gdppc_tl2"
"GBR-2006","GBR","2006",0.0257717974246024,"gdppc_tl2"
"GBR-2007","GBR","2007",0.0297435686971244,"gdppc_tl2"
"GBR-2008","GBR","2008",0.0298726722498772,"gdppc_tl2"
"GBR-2009","GBR","2009",0.0284501211893425,"gdppc_tl2"
"GBR-2010","GBR","2010",0.029053999114871,"gdppc_tl2"
"GBR-2011","GBR","2011",0.029730163325148,"gdppc_tl2"
"GBR-2012","GBR","2012",0.0299540627690931,"gdppc_tl2"
"GBR-2013","GBR","2013",0.0308621977414912,"gdppc_tl2"
"GBR-2014","GBR","2014",0.0326707016711613,"gdppc_tl2"
"GBR-2015","GBR","2015",0.0321719363543036,"gdppc_tl2"
"GBR-2016","GBR","2016",0.0336834258294887,"gdppc_tl2"
"GBR-2017","GBR","2017",0.0327980505404179,"gdppc_tl2"
"GBR-2018","GBR","2018",0.0330168944207291,"gdppc_tl2"
"GBR-2019","GBR","2019",0.0323366093162864,"gdppc_tl2"
"GBR-2020","GBR","2020",0.0339796540068829,"gdppc_tl2"
"GRC-2000","GRC","2000",0.0164986875137745,"gdppc_tl2"
"GRC-2001","GRC","2001",0.0157394157337273,"gdppc_tl2"
"GRC-2002","GRC","2002",0.0148061597398013,"gdppc_tl2"
"GRC-2003","GRC","2003",0.0144028469468318,"gdppc_tl2"
"GRC-2004","GRC","2004",0.0161661507212605,"gdppc_tl2"
"GRC-2005","GRC","2005",0.0172901817282475,"gdppc_tl2"
"GRC-2006","GRC","2006",0.0180923688744929,"gdppc_tl2"
"GRC-2007","GRC","2007",0.0183299870067964,"gdppc_tl2"
"GRC-2008","GRC","2008",0.0196988898955153,"gdppc_tl2"
"GRC-2009","GRC","2009",0.0187979940897612,"gdppc_tl2"
"GRC-2010","GRC","2010",0.0176119917919424,"gdppc_tl2"
"GRC-2011","GRC","2011",0.0183550379303323,"gdppc_tl2"
"GRC-2012","GRC","2012",0.0194685648285806,"gdppc_tl2"
"GRC-2013","GRC","2013",0.0206103078149616,"gdppc_tl2"
"GRC-2014","GRC","2014",0.0213129776166896,"gdppc_tl2"
"GRC-2015","GRC","2015",0.0199675824993442,"gdppc_tl2"
"GRC-2016","GRC","2016",0.0189845928346818,"gdppc_tl2"
"GRC-2017","GRC","2017",0.0201589368738773,"gdppc_tl2"
"GRC-2018","GRC","2018",0.0207071127818021,"gdppc_tl2"
"GRC-2019","GRC","2019",0.021284927376247,"gdppc_tl2"
"GRC-2020","GRC","2020",0.0189109637316008,"gdppc_tl2"
"HUN-2000","HUN","2000",0.0787583931834225,"gdppc_tl2"
"HUN-2001","HUN","2001",0.074896928605766,"gdppc_tl2"
"HUN-2002","HUN","2002",0.085066985297855,"gdppc_tl2"
"HUN-2003","HUN","2003",0.0827734525453012,"gdppc_tl2"
"HUN-2004","HUN","2004",0.0873731713830015,"gdppc_tl2"
"HUN-2005","HUN","2005",0.0941503186099285,"gdppc_tl2"
"HUN-2006","HUN","2006",0.101772610914607,"gdppc_tl2"
"HUN-2007","HUN","2007",0.102282009351327,"gdppc_tl2"
"HUN-2008","HUN","2008",0.107385207590291,"gdppc_tl2"
"HUN-2009","HUN","2009",0.118727962679153,"gdppc_tl2"
"HUN-2010","HUN","2010",0.110025533112452,"gdppc_tl2"
"HUN-2011","HUN","2011",0.107847332324607,"gdppc_tl2"
"HUN-2012","HUN","2012",0.107991536701071,"gdppc_tl2"
"HUN-2013","HUN","2013",0.0977531974602184,"gdppc_tl2"
"HUN-2014","HUN","2014",0.095713562795596,"gdppc_tl2"
"HUN-2015","HUN","2015",0.0845222161616603,"gdppc_tl2"
"HUN-2016","HUN","2016",0.0865019570101854,"gdppc_tl2"
"HUN-2017","HUN","2017",0.0873947300091236,"gdppc_tl2"
"HUN-2018","HUN","2018",0.0846534264579765,"gdppc_tl2"
"HUN-2019","HUN","2019",0.0913618225062946,"gdppc_tl2"
"HUN-2020","HUN","2020",0.0891956491697153,"gdppc_tl2"
"ITA-2000","ITA","2000",0.0347318737661589,"gdppc_tl2"
"ITA-2001","ITA","2001",0.0337678378925685,"gdppc_tl2"
"ITA-2002","ITA","2002",0.0335802793931477,"gdppc_tl2"
"ITA-2003","ITA","2003",0.034382654568403,"gdppc_tl2"
"ITA-2004","ITA","2004",0.0344343948020063,"gdppc_tl2"
"ITA-2005","ITA","2005",0.0333518507138532,"gdppc_tl2"
"ITA-2006","ITA","2006",0.0321660406420939,"gdppc_tl2"
"ITA-2007","ITA","2007",0.0324783730368363,"gdppc_tl2"
"ITA-2008","ITA","2008",0.0332094654484131,"gdppc_tl2"
"ITA-2009","ITA","2009",0.0328270572142386,"gdppc_tl2"
"ITA-2010","ITA","2010",0.0351777814877635,"gdppc_tl2"
"ITA-2011","ITA","2011",0.0361671965442855,"gdppc_tl2"
"ITA-2012","ITA","2012",0.0368539954120651,"gdppc_tl2"
"ITA-2013","ITA","2013",0.0381228560387731,"gdppc_tl2"
"ITA-2014","ITA","2014",0.0395514137492235,"gdppc_tl2"
"ITA-2015","ITA","2015",0.0377281621463691,"gdppc_tl2"
"ITA-2016","ITA","2016",0.0385069640091121,"gdppc_tl2"
"ITA-2017","ITA","2017",0.0389549675193651,"gdppc_tl2"
"ITA-2018","ITA","2018",0.0391974777436249,"gdppc_tl2"
"ITA-2019","ITA","2019",0.0388783880447201,"gdppc_tl2"
"ITA-2020","ITA","2020",0.0378392116223846,"gdppc_tl2"
"JPN-2000","JPN","2000",0.00668524624504281,"gdppc_tl2"
"JPN-2001","JPN","2001",0.00668526631449175,"gdppc_tl2"
"JPN-2002","JPN","2002",0.00689396427301354,"gdppc_tl2"
"JPN-2003","JPN","2003",0.00697245244805633,"gdppc_tl2"
"JPN-2004","JPN","2004",0.00753015969341744,"gdppc_tl2"
"JPN-2005","JPN","2005",0.00838166333446229,"gdppc_tl2"
"JPN-2006","JPN","2006",0.0108714295730773,"gdppc_tl2"
"JPN-2007","JPN","2007",0.0112305664254021,"gdppc_tl2"
"JPN-2008","JPN","2008",0.0105865809165875,"gdppc_tl2"
"JPN-2009","JPN","2009",0.00828565002969252,"gdppc_tl2"
"JPN-2010","JPN","2010",0.00790353855113246,"gdppc_tl2"
"JPN-2011","JPN","2011",0.00863417029760551,"gdppc_tl2"
"JPN-2012","JPN","2012",0.00868890526141778,"gdppc_tl2"
"JPN-2013","JPN","2013",0.00844669033321074,"gdppc_tl2"
"JPN-2014","JPN","2014",0.00759301959580489,"gdppc_tl2"
"JPN-2015","JPN","2015",0.00723893123423542,"gdppc_tl2"
"JPN-2016","JPN","2016",0.00672656888300256,"gdppc_tl2"
"JPN-2017","JPN","2017",0.0064357623019591,"gdppc_tl2"
"JPN-2018","JPN","2018",0.00643359251137522,"gdppc_tl2"
"JPN-2019","JPN","2019",0.00643338249090471,"gdppc_tl2"
"JPN-2020","JPN","2020",0.00643379976042999,"gdppc_tl2"
"KOR-2000","KOR","2000",0.00519514227717669,"gdppc_tl2"
"KOR-2001","KOR","2001",0.00600565275993963,"gdppc_tl2"
"KOR-2002","KOR","2002",0.00599131198953518,"gdppc_tl2"
"KOR-2003","KOR","2003",0.00526135147546165,"gdppc_tl2"
"KOR-2004","KOR","2004",0.00563524101318162,"gdppc_tl2"
"KOR-2005","KOR","2005",0.00592154294788404,"gdppc_tl2"
"KOR-2006","KOR","2006",0.00626685957892256,"gdppc_tl2"
"KOR-2007","KOR","2007",0.00626327149921198,"gdppc_tl2"
"KOR-2008","KOR","2008",0.0073182775856844,"gdppc_tl2"
"KOR-2009","KOR","2009",0.00620595837045055,"gdppc_tl2"
"KOR-2010","KOR","2010",0.00856758038209454,"gdppc_tl2"
"KOR-2011","KOR","2011",0.00852984931050311,"gdppc_tl2"
"KOR-2012","KOR","2012",0.00736571646087409,"gdppc_tl2"
"KOR-2013","KOR","2013",0.0069145934279742,"gdppc_tl2"
"KOR-2014","KOR","2014",0.00570908068659884,"gdppc_tl2"
"KOR-2015","KOR","2015",0.00552172173244406,"gdppc_tl2"
"KOR-2016","KOR","2016",0.00530635924129244,"gdppc_tl2"
"KOR-2017","KOR","2017",0.00615951349196307,"gdppc_tl2"
"KOR-2018","KOR","2018",0.00662436414168908,"gdppc_tl2"
"KOR-2019","KOR","2019",0.00566135031899966,"gdppc_tl2"
"KOR-2020","KOR","2020",0.00722660647551507,"gdppc_tl2"
"MEX-2000","MEX","2000",0.229610375790368,"gdppc_tl2"
"MEX-2001","MEX","2001",0.22961077663922,"gdppc_tl2"
"MEX-2002","MEX","2002",0.229609005715825,"gdppc_tl2"
"MEX-2003","MEX","2003",0.229608548370835,"gdppc_tl2"
"MEX-2004","MEX","2004",0.284390656302358,"gdppc_tl2"
"MEX-2005","MEX","2005",0.321059341135626,"gdppc_tl2"
"MEX-2006","MEX","2006",0.326307291970186,"gdppc_tl2"
"MEX-2007","MEX","2007",0.323684730528252,"gdppc_tl2"
"MEX-2008","MEX","2008",0.333452909528532,"gdppc_tl2"
"MEX-2009","MEX","2009",0.238484895414939,"gdppc_tl2"
"MEX-2010","MEX","2010",0.24908691679582,"gdppc_tl2"
"MEX-2011","MEX","2011",0.29123529507973,"gdppc_tl2"
"MEX-2012","MEX","2012",0.263528906468622,"gdppc_tl2"
"MEX-2013","MEX","2013",0.235376887724901,"gdppc_tl2"
"MEX-2014","MEX","2014",0.209521435928439,"gdppc_tl2"
"MEX-2015","MEX","2015",0.12066874645294,"gdppc_tl2"
"MEX-2016","MEX","2016",0.109181063633646,"gdppc_tl2"
"MEX-2017","MEX","2017",0.116360279345125,"gdppc_tl2"
"MEX-2018","MEX","2018",0.123160610068526,"gdppc_tl2"
"MEX-2019","MEX","2019",0.131518870895556,"gdppc_tl2"
"MEX-2020","MEX","2020",0.103741850791282,"gdppc_tl2"
"NLD-2000","NLD","2000",0.0235610061697444,"gdppc_tl2"
"NLD-2001","NLD","2001",0.0236105499048331,"gdppc_tl2"
"NLD-2002","NLD","2002",0.0235308291015736,"gdppc_tl2"
"NLD-2003","NLD","2003",0.0213082657872618,"gdppc_tl2"
"NLD-2004","NLD","2004",0.021666283514549,"gdppc_tl2"
"NLD-2005","NLD","2005",0.0219548170172615,"gdppc_tl2"
"NLD-2006","NLD","2006",0.0214771449846647,"gdppc_tl2"
"NLD-2007","NLD","2007",0.0197362252068472,"gdppc_tl2"
"NLD-2008","NLD","2008",0.0206597391942669,"gdppc_tl2"
"NLD-2009","NLD","2009",0.0214285090211316,"gdppc_tl2"
"NLD-2010","NLD","2010",0.0208713192039511,"gdppc_tl2"
"NLD-2011","NLD","2011",0.0194996092895662,"gdppc_tl2"
"NLD-2012","NLD","2012",0.0208710863927027,"gdppc_tl2"
"NLD-2013","NLD","2013",0.0223193218092248,"gdppc_tl2"
"NLD-2014","NLD","2014",0.0208194002194171,"gdppc_tl2"
"NLD-2015","NLD","2015",0.0209997567707032,"gdppc_tl2"
"NLD-2016","NLD","2016",0.0206694508427131,"gdppc_tl2"
"NLD-2017","NLD","2017",0.0210187032867393,"gdppc_tl2"
"NLD-2018","NLD","2018",0.0209509528246324,"gdppc_tl2"
"NLD-2019","NLD","2019",0.0220403631306921,"gdppc_tl2"
"NLD-2020","NLD","2020",0.02019625749698,"gdppc_tl2"
"NOR-2000","NOR","2000",0.0173114978165725,"gdppc_tl2"
"NOR-2001","NOR","2001",0.0157679937071487,"gdppc_tl2"
"NOR-2002","NOR","2002",0.0154079349155552,"gdppc_tl2"
"NOR-2003","NOR","2003",0.0126146422441188,"gdppc_tl2"
"NOR-2004","NOR","2004",0.0141901130365731,"gdppc_tl2"
"NOR-2005","NOR","2005",0.0154435525609306,"gdppc_tl2"
"NOR-2006","NOR","2006",0.0159797907811605,"gdppc_tl2"
"NOR-2007","NOR","2007",0.0178906852976901,"gdppc_tl2"
"NOR-2008","NOR","2008",0.0133358738426765,"gdppc_tl2"
"NOR-2009","NOR","2009",0.0126953579338672,"gdppc_tl2"
"NOR-2010","NOR","2010",0.0127556593926399,"gdppc_tl2"
"NOR-2011","NOR","2011",0.0123260040575746,"gdppc_tl2"
"NOR-2012","NOR","2012",0.0134510347950775,"gdppc_tl2"
"NOR-2013","NOR","2013",0.0138533409316383,"gdppc_tl2"
"NOR-2014","NOR","2014",0.0128478326513505,"gdppc_tl2"
"NOR-2015","NOR","2015",0.0111435267373027,"gdppc_tl2"
"NOR-2016","NOR","2016",0.00978517400528018,"gdppc_tl2"
"NOR-2017","NOR","2017",0.00947959521697348,"gdppc_tl2"
"NOR-2018","NOR","2018",0.00860704166309237,"gdppc_tl2"
"NOR-2019","NOR","2019",0.00960779772622171,"gdppc_tl2"
"NOR-2020","NOR","2020",0.00960798362211199,"gdppc_tl2"
"NZL-2000","NZL","2000",0.0224501696719084,"gdppc_tl2"
"NZL-2001","NZL","2001",0.0200831262894141,"gdppc_tl2"
"NZL-2002","NZL","2002",0.0206191087958074,"gdppc_tl2"
"NZL-2003","NZL","2003",0.0173540932568185,"gdppc_tl2"
"NZL-2004","NZL","2004",0.0148738437497945,"gdppc_tl2"
"NZL-2005","NZL","2005",0.0141272866243915,"gdppc_tl2"
"NZL-2006","NZL","2006",0.0149619918713676,"gdppc_tl2"
"NZL-2007","NZL","2007",0.0327520856305294,"gdppc_tl2"
"NZL-2008","NZL","2008",0.0338502964277089,"gdppc_tl2"
"NZL-2009","NZL","2009",0.0310717322035157,"gdppc_tl2"
"NZL-2010","NZL","2010",0.029288548815728,"gdppc_tl2"
"NZL-2011","NZL","2011",0.0270754502624395,"gdppc_tl2"
"NZL-2012","NZL","2012",0.02720467667023,"gdppc_tl2"
"NZL-2013","NZL","2013",0.0260761707639759,"gdppc_tl2"
"NZL-2014","NZL","2014",0.0237987850180319,"gdppc_tl2"
"NZL-2015","NZL","2015",0.0156007576761602,"gdppc_tl2"
"NZL-2016","NZL","2016",0.0127451333588144,"gdppc_tl2"
"NZL-2017","NZL","2017",0.0126021917818618,"gdppc_tl2"
"NZL-2018","NZL","2018",0.0131651855530958,"gdppc_tl2"
"NZL-2019","NZL","2019",0.0132361586307288,"gdppc_tl2"
"NZL-2020","NZL","2020",0.0113637500045878,"gdppc_tl2"
"POL-2000","POL","2000",0.0456294537828781,"gdppc_tl2"
"POL-2001","POL","2001",0.0461622022775939,"gdppc_tl2"
"POL-2002","POL","2002",0.0447091871418473,"gdppc_tl2"
"POL-2003","POL","2003",0.043382644073801,"gdppc_tl2"
"POL-2004","POL","2004",0.0426382133282094,"gdppc_tl2"
"POL-2005","POL","2005",0.0462703827796596,"gdppc_tl2"
"POL-2006","POL","2006",0.0472273388753049,"gdppc_tl2"
"POL-2007","POL","2007",0.0472629106449351,"gdppc_tl2"
"POL-2008","POL","2008",0.0444833708497571,"gdppc_tl2"
"POL-2009","POL","2009",0.0479752477525326,"gdppc_tl2"
"POL-2010","POL","2010",0.0497827823850461,"gdppc_tl2"
"POL-2011","POL","2011",0.0483694118037987,"gdppc_tl2"
"POL-2012","POL","2012",0.0494068800182301,"gdppc_tl2"
"POL-2013","POL","2013",0.04985392300598,"gdppc_tl2"
"POL-2014","POL","2014",0.0496164292396572,"gdppc_tl2"
"POL-2015","POL","2015",0.049114177473917,"gdppc_tl2"
"POL-2016","POL","2016",0.0491344299501471,"gdppc_tl2"
"POL-2017","POL","2017",0.0502431043733799,"gdppc_tl2"
"POL-2018","POL","2018",0.0507956748274881,"gdppc_tl2"
"POL-2019","POL","2019",0.0515580453819677,"gdppc_tl2"
"POL-2020","POL","2020",0.0511190169474307,"gdppc_tl2"
"PRT-2000","PRT","2000",0.0215275629618934,"gdppc_tl2"
"PRT-2001","PRT","2001",0.0203423257530012,"gdppc_tl2"
"PRT-2002","PRT","2002",0.020036651360506,"gdppc_tl2"
"PRT-2003","PRT","2003",0.0196424608660273,"gdppc_tl2"
"PRT-2004","PRT","2004",0.0200470578377358,"gdppc_tl2"
"PRT-2005","PRT","2005",0.019691518685383,"gdppc_tl2"
"PRT-2006","PRT","2006",0.0189908104310603,"gdppc_tl2"
"PRT-2007","PRT","2007",0.0187810971172779,"gdppc_tl2"
"PRT-2008","PRT","2008",0.0188429237592681,"gdppc_tl2"
"PRT-2009","PRT","2009",0.0182961713971876,"gdppc_tl2"
"PRT-2010","PRT","2010",0.0170880248434767,"gdppc_tl2"
"PRT-2011","PRT","2011",0.016555673472443,"gdppc_tl2"
"PRT-2012","PRT","2012",0.0149064526384143,"gdppc_tl2"
"PRT-2013","PRT","2013",0.014151047184431,"gdppc_tl2"
"PRT-2014","PRT","2014",0.0129132398351115,"gdppc_tl2"
"PRT-2015","PRT","2015",0.0115301869702358,"gdppc_tl2"
"PRT-2016","PRT","2016",0.011099013516127,"gdppc_tl2"
"PRT-2017","PRT","2017",0.0113218378822514,"gdppc_tl2"
"PRT-2018","PRT","2018",0.011123310203223,"gdppc_tl2"
"PRT-2019","PRT","2019",0.0115713888263885,"gdppc_tl2"
"PRT-2020","PRT","2020",0.00949409414461887,"gdppc_tl2"
"SVK-2000","SVK","2000",0.124160118223142,"gdppc_tl2"
"SVK-2001","SVK","2001",0.120838135948193,"gdppc_tl2"
"SVK-2002","SVK","2002",0.13080191988331,"gdppc_tl2"
"SVK-2003","SVK","2003",0.128396471265392,"gdppc_tl2"
"SVK-2004","SVK","2004",0.129432279530752,"gdppc_tl2"
"SVK-2005","SVK","2005",0.156314001941456,"gdppc_tl2"
"SVK-2006","SVK","2006",0.146991281467746,"gdppc_tl2"
"SVK-2007","SVK","2007",0.154387096092223,"gdppc_tl2"
"SVK-2008","SVK","2008",0.146286264673839,"gdppc_tl2"
"SVK-2009","SVK","2009",0.171906395730262,"gdppc_tl2"
"SVK-2010","SVK","2010",0.16764295681463,"gdppc_tl2"
"SVK-2011","SVK","2011",0.164177489229615,"gdppc_tl2"
"SVK-2012","SVK","2012",0.153562698785737,"gdppc_tl2"
"SVK-2013","SVK","2013",0.162129197730844,"gdppc_tl2"
"SVK-2014","SVK","2014",0.152615146342318,"gdppc_tl2"
"SVK-2015","SVK","2015",0.152517201954688,"gdppc_tl2"
"SVK-2016","SVK","2016",0.153753586876565,"gdppc_tl2"
"SVK-2017","SVK","2017",0.146763490635126,"gdppc_tl2"
"SVK-2018","SVK","2018",0.14086588250816,"gdppc_tl2"
"SVK-2019","SVK","2019",0.132040345993674,"gdppc_tl2"
"SVK-2020","SVK","2020",0.132417764531526,"gdppc_tl2"
"SVN-2000","SVN","2000",0.0144875291285409,"gdppc_tl2"
"SVN-2001","SVN","2001",0.0158695206112487,"gdppc_tl2"
"SVN-2002","SVN","2002",0.015644117952704,"gdppc_tl2"
"SVN-2003","SVN","2003",0.0192843823866355,"gdppc_tl2"
"SVN-2004","SVN","2004",0.0188502148509953,"gdppc_tl2"
"SVN-2005","SVN","2005",0.0188238609215632,"gdppc_tl2"
"SVN-2006","SVN","2006",0.0198692931543539,"gdppc_tl2"
"SVN-2007","SVN","2007",0.0196368175142904,"gdppc_tl2"
"SVN-2008","SVN","2008",0.0186568640515411,"gdppc_tl2"
"SVN-2009","SVN","2009",0.0195880184443473,"gdppc_tl2"
"SVN-2010","SVN","2010",0.0190705886779059,"gdppc_tl2"
"SVN-2011","SVN","2011",0.0174477401666998,"gdppc_tl2"
"SVN-2012","SVN","2012",0.0171580273362825,"gdppc_tl2"
"SVN-2013","SVN","2013",0.0162140526854987,"gdppc_tl2"
"SVN-2014","SVN","2014",0.0160720526903851,"gdppc_tl2"
"SVN-2015","SVN","2015",0.0160082424597034,"gdppc_tl2"
"SVN-2016","SVN","2016",0.0165265142044485,"gdppc_tl2"
"SVN-2017","SVN","2017",0.0169311774159685,"gdppc_tl2"
"SVN-2018","SVN","2018",0.0171783698416072,"gdppc_tl2"
"SVN-2019","SVN","2019",0.0164336282896213,"gdppc_tl2"
"SVN-2020","SVN","2020",0.0160269482346405,"gdppc_tl2"
"SWE-2000","SWE","2000",0.0168590282490157,"gdppc_tl2"
"SWE-2001","SWE","2001",0.0152154329824819,"gdppc_tl2"
"SWE-2002","SWE","2002",0.0146382430556814,"gdppc_tl2"
"SWE-2003","SWE","2003",0.0141366010449438,"gdppc_tl2"
"SWE-2004","SWE","2004",0.0151558357698757,"gdppc_tl2"
"SWE-2005","SWE","2005",0.016010982190134,"gdppc_tl2"
"SWE-2006","SWE","2006",0.0141912011707066,"gdppc_tl2"
"SWE-2007","SWE","2007",0.0159520950870054,"gdppc_tl2"
"SWE-2008","SWE","2008",0.0150221823404137,"gdppc_tl2"
"SWE-2009","SWE","2009",0.0205009989910317,"gdppc_tl2"
"SWE-2010","SWE","2010",0.0155268730494942,"gdppc_tl2"
"SWE-2011","SWE","2011",0.0163020137293366,"gdppc_tl2"
"SWE-2012","SWE","2012",0.0160261529206152,"gdppc_tl2"
"SWE-2013","SWE","2013",0.0162173489166989,"gdppc_tl2"
"SWE-2014","SWE","2014",0.0174346335123231,"gdppc_tl2"
"SWE-2015","SWE","2015",0.0192180417681342,"gdppc_tl2"
"SWE-2016","SWE","2016",0.0180552735323395,"gdppc_tl2"
"SWE-2017","SWE","2017",0.0159036046333107,"gdppc_tl2"
"SWE-2018","SWE","2018",0.0158680977954318,"gdppc_tl2"
"SWE-2019","SWE","2019",0.0166906615201132,"gdppc_tl2"
"SWE-2020","SWE","2020",0.0186743586160674,"gdppc_tl2"
"TUR-2000","TUR","2000",0.0821165550851049,"gdppc_tl2"
"TUR-2001","TUR","2001",0.0821192413728245,"gdppc_tl2"
"TUR-2002","TUR","2002",0.0821208036462758,"gdppc_tl2"
"TUR-2003","TUR","2003",0.0821192909877775,"gdppc_tl2"
"TUR-2004","TUR","2004",0.0821183042438812,"gdppc_tl2"
"TUR-2005","TUR","2005",0.0813243971432902,"gdppc_tl2"
"TUR-2006","TUR","2006",0.0837804004088247,"gdppc_tl2"
"TUR-2007","TUR","2007",0.0847944854198801,"gdppc_tl2"
"TUR-2008","TUR","2008",0.0838083358598071,"gdppc_tl2"
"TUR-2009","TUR","2009",0.0776074879365256,"gdppc_tl2"
"TUR-2010","TUR","2010",0.0669505538483254,"gdppc_tl2"
"TUR-2011","TUR","2011",0.0678456266192354,"gdppc_tl2"
"TUR-2012","TUR","2012",0.064748888254881,"gdppc_tl2"
"TUR-2013","TUR","2013",0.0678398710971789,"gdppc_tl2"
"TUR-2014","TUR","2014",0.0683094866635304,"gdppc_tl2"
"TUR-2015","TUR","2015",0.0662011261282017,"gdppc_tl2"
"TUR-2016","TUR","2016",0.0649022503999833,"gdppc_tl2"
"TUR-2017","TUR","2017",0.064813145836651,"gdppc_tl2"
"TUR-2018","TUR","2018",0.0687250433457212,"gdppc_tl2"
"TUR-2019","TUR","2019",0.0655698369864969,"gdppc_tl2"
"TUR-2020","TUR","2020",0.0593074903119585,"gdppc_tl2"
"USA-2000","USA","2000",0.0421098246017137,"gdppc_tl2"
"USA-2001","USA","2001",0.0448135562881532,"gdppc_tl2"
"USA-2002","USA","2002",0.0459685718752018,"gdppc_tl2"
"USA-2003","USA","2003",0.0466894306104665,"gdppc_tl2"
"USA-2004","USA","2004",0.0483231523203579,"gdppc_tl2"
"USA-2005","USA","2005",0.0483610813760298,"gdppc_tl2"
"USA-2006","USA","2006",0.0484146224530973,"gdppc_tl2"
"USA-2007","USA","2007",0.0510431386805791,"gdppc_tl2"
"USA-2008","USA","2008",0.0557108838433267,"gdppc_tl2"
"USA-2009","USA","2009",0.0554232831189566,"gdppc_tl2"
"USA-2010","USA","2010",0.055722422619293,"gdppc_tl2"
"USA-2011","USA","2011",0.0541867063755788,"gdppc_tl2"
"USA-2012","USA","2012",0.0523420828800568,"gdppc_tl2"
"USA-2013","USA","2013",0.0492940159634288,"gdppc_tl2"
"USA-2014","USA","2014",0.0492784714187769,"gdppc_tl2"
"USA-2015","USA","2015",0.0481964623469487,"gdppc_tl2"
"USA-2016","USA","2016",0.0483880348650173,"gdppc_tl2"
"USA-2017","USA","2017",0.0471630315507284,"gdppc_tl2"
"USA-2018","USA","2018",0.047304038349569,"gdppc_tl2"
"USA-2019","USA","2019",0.0474420281977985,"gdppc_tl2"
"USA-2020","USA","2020",0.0505023084975686,"gdppc_tl2"
"AUT-20001","AUT","2000",0.0234786214337625,"gdppc_tl3"
"AUT-20011","AUT","2001",0.0235316762159059,"gdppc_tl3"
"AUT-20021","AUT","2002",0.0230691579617059,"gdppc_tl3"
"AUT-20031","AUT","2003",0.0225581847789097,"gdppc_tl3"
"AUT-20041","AUT","2004",0.0231854105567538,"gdppc_tl3"
"AUT-20051","AUT","2005",0.0245768470068726,"gdppc_tl3"
"AUT-20061","AUT","2006",0.0246982176900505,"gdppc_tl3"
"AUT-20071","AUT","2007",0.0234987437669028,"gdppc_tl3"
"AUT-20081","AUT","2008",0.0235209632556249,"gdppc_tl3"
"AUT-20091","AUT","2009",0.0227984729595324,"gdppc_tl3"
"AUT-20101","AUT","2010",0.0219896222642316,"gdppc_tl3"
"AUT-20111","AUT","2011",0.0222761286302613,"gdppc_tl3"
"AUT-20121","AUT","2012",0.0222164601512558,"gdppc_tl3"
"AUT-20131","AUT","2013",0.0211804462798684,"gdppc_tl3"
"AUT-20141","AUT","2014",0.0203939747575448,"gdppc_tl3"
"AUT-20151","AUT","2015",0.0215973437890464,"gdppc_tl3"
"AUT-20161","AUT","2016",0.0203656255508436,"gdppc_tl3"
"AUT-20171","AUT","2017",0.0181190242367216,"gdppc_tl3"
"AUT-20181","AUT","2018",0.0185132049691368,"gdppc_tl3"
"AUT-20191","AUT","2019",0.018053028945278,"gdppc_tl3"
"AUT-20201","AUT","2020",0.0171094543655849,"gdppc_tl3"
"BEL-20001","BEL","2000",0.0273327215723019,"gdppc_tl3"
"BEL-20011","BEL","2001",0.0275314611054999,"gdppc_tl3"
"BEL-20021","BEL","2002",0.0283631973281944,"gdppc_tl3"
"BEL-20031","BEL","2003",0.0307644503198766,"gdppc_tl3"
"BEL-20041","BEL","2004",0.0321410725987797,"gdppc_tl3"
"BEL-20051","BEL","2005",0.0316772163490749,"gdppc_tl3"
"BEL-20061","BEL","2006",0.0314636153648338,"gdppc_tl3"
"BEL-20071","BEL","2007",0.0325187298946306,"gdppc_tl3"
"BEL-20081","BEL","2008",0.0310813093141914,"gdppc_tl3"
"BEL-20091","BEL","2009",0.0310623654292617,"gdppc_tl3"
"BEL-20101","BEL","2010",0.0317801165511344,"gdppc_tl3"
"BEL-20111","BEL","2011",0.0309047757260311,"gdppc_tl3"
"BEL-20121","BEL","2012",0.0330887362642536,"gdppc_tl3"
"BEL-20131","BEL","2013",0.0331581903465438,"gdppc_tl3"
"BEL-20141","BEL","2014",0.0330083419088987,"gdppc_tl3"
"BEL-20151","BEL","2015",0.0341242081960454,"gdppc_tl3"
"BEL-20161","BEL","2016",0.0359363965965954,"gdppc_tl3"
"BEL-20171","BEL","2017",0.0361493145019059,"gdppc_tl3"
"BEL-20181","BEL","2018",0.0360127438081593,"gdppc_tl3"
"BEL-20191","BEL","2019",0.0371289480149589,"gdppc_tl3"
"BEL-20201","BEL","2020",0.0379196117132813,"gdppc_tl3"
"CZE-20001","CZE","2000",0.0164170772234476,"gdppc_tl3"
"CZE-20011","CZE","2001",0.0175721544268947,"gdppc_tl3"
"CZE-20021","CZE","2002",0.0210956391125499,"gdppc_tl3"
"CZE-20031","CZE","2003",0.0218412626286224,"gdppc_tl3"
"CZE-20041","CZE","2004",0.0227966081268212,"gdppc_tl3"
"CZE-20051","CZE","2005",0.0230168051401796,"gdppc_tl3"
"CZE-20061","CZE","2006",0.0243652701400029,"gdppc_tl3"
"CZE-20071","CZE","2007",0.0255890766248696,"gdppc_tl3"
"CZE-20081","CZE","2008",0.0271094155359693,"gdppc_tl3"
"CZE-20091","CZE","2009",0.0246962407164756,"gdppc_tl3"
"CZE-20101","CZE","2010",0.0257997040022871,"gdppc_tl3"
"CZE-20111","CZE","2011",0.0236598389124423,"gdppc_tl3"
"CZE-20121","CZE","2012",0.0237803822259233,"gdppc_tl3"
"CZE-20131","CZE","2013",0.0239876095107892,"gdppc_tl3"
"CZE-20141","CZE","2014",0.0238598759183784,"gdppc_tl3"
"CZE-20151","CZE","2015",0.0247033164551114,"gdppc_tl3"
"CZE-20161","CZE","2016",0.0255918371401834,"gdppc_tl3"
"CZE-20171","CZE","2017",0.0247577989851814,"gdppc_tl3"
"CZE-20181","CZE","2018",0.0260864265636312,"gdppc_tl3"
"CZE-20191","CZE","2019",0.0267973655600514,"gdppc_tl3"
"CZE-20201","CZE","2020",0.0248263358607298,"gdppc_tl3"
"DEU-20001","DEU","2000",0.0418756331522026,"gdppc_tl3"
"DEU-20011","DEU","2001",0.0433783560594219,"gdppc_tl3"
"DEU-20021","DEU","2002",0.0419280180822413,"gdppc_tl3"
"DEU-20031","DEU","2003",0.0416747246213684,"gdppc_tl3"
"DEU-20041","DEU","2004",0.0415638816310351,"gdppc_tl3"
"DEU-20051","DEU","2005",0.0419998995037363,"gdppc_tl3"
"DEU-20061","DEU","2006",0.0426199212107295,"gdppc_tl3"
"DEU-20071","DEU","2007",0.0428173252016539,"gdppc_tl3"
"DEU-20081","DEU","2008",0.0410288206379957,"gdppc_tl3"
"DEU-20091","DEU","2009",0.0403687416874092,"gdppc_tl3"
"DEU-20101","DEU","2010",0.0402540632159062,"gdppc_tl3"
"DEU-20111","DEU","2011",0.0408220463066949,"gdppc_tl3"
"DEU-20121","DEU","2012",0.038903580928256,"gdppc_tl3"
"DEU-20131","DEU","2013",0.0376493018972568,"gdppc_tl3"
"DEU-20141","DEU","2014",0.0371645337992825,"gdppc_tl3"
"DEU-20151","DEU","2015",0.0366078076607696,"gdppc_tl3"
"DEU-20161","DEU","2016",0.0382503746352311,"gdppc_tl3"
"DEU-20171","DEU","2017",0.037715995923362,"gdppc_tl3"
"DEU-20181","DEU","2018",0.0368294242842017,"gdppc_tl3"
"DEU-20191","DEU","2019",0.0360171207088098,"gdppc_tl3"
"DEU-20201","DEU","2020",0.0343627337010077,"gdppc_tl3"
"DNK-20001","DNK","2000",0.0130328054528668,"gdppc_tl3"
"DNK-20011","DNK","2001",0.012468858344774,"gdppc_tl3"
"DNK-20021","DNK","2002",0.0114538941885755,"gdppc_tl3"
"DNK-20031","DNK","2003",0.0121653365664304,"gdppc_tl3"
"DNK-20041","DNK","2004",0.0141583789063654,"gdppc_tl3"
"DNK-20051","DNK","2005",0.0153614147995602,"gdppc_tl3"
"DNK-20061","DNK","2006",0.013356855714941,"gdppc_tl3"
"DNK-20071","DNK","2007",0.0134918028398215,"gdppc_tl3"
"DNK-20081","DNK","2008",0.0146015223889557,"gdppc_tl3"
"DNK-20091","DNK","2009",0.0153098777929728,"gdppc_tl3"
"DNK-20101","DNK","2010",0.0170697164976749,"gdppc_tl3"
"DNK-20111","DNK","2011",0.0158360893427292,"gdppc_tl3"
"DNK-20121","DNK","2012",0.0152253183388006,"gdppc_tl3"
"DNK-20131","DNK","2013",0.0166514552812137,"gdppc_tl3"
"DNK-20141","DNK","2014",0.0167128316821634,"gdppc_tl3"
"DNK-20151","DNK","2015",0.016598786126999,"gdppc_tl3"
"DNK-20161","DNK","2016",0.0175748942670506,"gdppc_tl3"
"DNK-20171","DNK","2017",0.017332101683245,"gdppc_tl3"
"DNK-20181","DNK","2018",0.0177703493048149,"gdppc_tl3"
"DNK-20191","DNK","2019",0.0167511158528993,"gdppc_tl3"
"DNK-20201","DNK","2020",0.0173983607794313,"gdppc_tl3"
"ESP-20001","ESP","2000",0.0243348697164679,"gdppc_tl3"
"ESP-20011","ESP","2001",0.0245442014858341,"gdppc_tl3"
"ESP-20021","ESP","2002",0.0236236664825086,"gdppc_tl3"
"ESP-20031","ESP","2003",0.0209199192926615,"gdppc_tl3"
"ESP-20041","ESP","2004",0.0198251637696734,"gdppc_tl3"
"ESP-20051","ESP","2005",0.0179213574092857,"gdppc_tl3"
"ESP-20061","ESP","2006",0.018025227927744,"gdppc_tl3"
"ESP-20071","ESP","2007",0.0179949864750126,"gdppc_tl3"
"ESP-20081","ESP","2008",0.0179871588971854,"gdppc_tl3"
"ESP-20091","ESP","2009",0.0172391947414499,"gdppc_tl3"
"ESP-20101","ESP","2010",0.017315668891323,"gdppc_tl3"
"ESP-20111","ESP","2011",0.0181087835504953,"gdppc_tl3"
"ESP-20121","ESP","2012",0.0189307067934908,"gdppc_tl3"
"ESP-20131","ESP","2013",0.0196019998998107,"gdppc_tl3"
"ESP-20141","ESP","2014",0.0205752484615301,"gdppc_tl3"
"ESP-20151","ESP","2015",0.0200462163006631,"gdppc_tl3"
"ESP-20161","ESP","2016",0.0207826038131928,"gdppc_tl3"
"ESP-20171","ESP","2017",0.0198343928296003,"gdppc_tl3"
"ESP-20181","ESP","2018",0.0195725099879841,"gdppc_tl3"
"ESP-20191","ESP","2019",0.0195432780403041,"gdppc_tl3"
"ESP-20201","ESP","2020",0.0207305096605476,"gdppc_tl3"
"EST-2000","EST","2000",0.0624795150466421,"gdppc_tl3"
"EST-2001","EST","2001",0.066121656315407,"gdppc_tl3"
"EST-2002","EST","2002",0.0685329751466703,"gdppc_tl3"
"EST-2003","EST","2003",0.0706650617253096,"gdppc_tl3"
"EST-2004","EST","2004",0.0735727526789209,"gdppc_tl3"
"EST-2005","EST","2005",0.0670158973082456,"gdppc_tl3"
"EST-2006","EST","2006",0.0721017485353489,"gdppc_tl3"
"EST-2007","EST","2007",0.0604322947390827,"gdppc_tl3"
"EST-2008","EST","2008",0.0553700833795233,"gdppc_tl3"
"EST-2009","EST","2009",0.0750646856405095,"gdppc_tl3"
"EST-2010","EST","2010",0.0569646617233009,"gdppc_tl3"
"EST-2011","EST","2011",0.0637236319452841,"gdppc_tl3"
"EST-2012","EST","2012",0.0721782300740869,"gdppc_tl3"
"EST-2013","EST","2013",0.0740360084965274,"gdppc_tl3"
"EST-2014","EST","2014",0.0829085621008167,"gdppc_tl3"
"EST-2015","EST","2015",0.0884855265053056,"gdppc_tl3"
"EST-2016","EST","2016",0.0892015397405091,"gdppc_tl3"
"EST-2017","EST","2017",0.0841681746024167,"gdppc_tl3"
"EST-2018","EST","2018",0.0739714692079556,"gdppc_tl3"
"EST-2019","EST","2019",0.0770155891070542,"gdppc_tl3"
"EST-2020","EST","2020",0.0787312370368023,"gdppc_tl3"
"FIN-20001","FIN","2000",0.019682265672787,"gdppc_tl3"
"FIN-20011","FIN","2001",0.021951114863622,"gdppc_tl3"
"FIN-20021","FIN","2002",0.021951016058863,"gdppc_tl3"
"FIN-20031","FIN","2003",0.0186373235378068,"gdppc_tl3"
"FIN-20041","FIN","2004",0.0180209534873201,"gdppc_tl3"
"FIN-20051","FIN","2005",0.0175285683758738,"gdppc_tl3"
"FIN-20061","FIN","2006",0.0157829198288795,"gdppc_tl3"
"FIN-20071","FIN","2007",0.0151177526022063,"gdppc_tl3"
"FIN-20081","FIN","2008",0.014045776518644,"gdppc_tl3"
"FIN-20091","FIN","2009",0.0177397627217188,"gdppc_tl3"
"FIN-20101","FIN","2010",0.0155639796188874,"gdppc_tl3"
"FIN-20111","FIN","2011",0.0126196982016859,"gdppc_tl3"
"FIN-20121","FIN","2012",0.0124517866054322,"gdppc_tl3"
"FIN-20131","FIN","2013",0.0135820679107853,"gdppc_tl3"
"FIN-20141","FIN","2014",0.0123220634686764,"gdppc_tl3"
"FIN-20151","FIN","2015",0.0132300988330037,"gdppc_tl3"
"FIN-20161","FIN","2016",0.0112854613106243,"gdppc_tl3"
"FIN-20171","FIN","2017",0.0104798749088372,"gdppc_tl3"
"FIN-20181","FIN","2018",0.00863366308861004,"gdppc_tl3"
"FIN-20191","FIN","2019",0.00898373412913804,"gdppc_tl3"
"FIN-20201","FIN","2020",0.00730306508533005,"gdppc_tl3"
"FRA-20001","FRA","2000",0.0214815514900169,"gdppc_tl3"
"FRA-20011","FRA","2001",0.020753167231767,"gdppc_tl3"
"FRA-20021","FRA","2002",0.0198150252473564,"gdppc_tl3"
"FRA-20031","FRA","2003",0.0197443973088961,"gdppc_tl3"
"FRA-20041","FRA","2004",0.0195303026188596,"gdppc_tl3"
"FRA-20051","FRA","2005",0.0192528552562023,"gdppc_tl3"
"FRA-20061","FRA","2006",0.019317855646295,"gdppc_tl3"
"FRA-20071","FRA","2007",0.0195789946633944,"gdppc_tl3"
"FRA-20081","FRA","2008",0.020051473728436,"gdppc_tl3"
"FRA-20091","FRA","2009",0.0198102777124796,"gdppc_tl3"
"FRA-20101","FRA","2010",0.0219229991137829,"gdppc_tl3"
"FRA-20111","FRA","2011",0.0214372310400782,"gdppc_tl3"
"FRA-20121","FRA","2012",0.0219093430710836,"gdppc_tl3"
"FRA-20131","FRA","2013",0.0217045373688009,"gdppc_tl3"
"FRA-20141","FRA","2014",0.021296154612253,"gdppc_tl3"
"FRA-20151","FRA","2015",0.0213200247377211,"gdppc_tl3"
"FRA-20161","FRA","2016",0.0219723962611405,"gdppc_tl3"
"FRA-20171","FRA","2017",0.0218760286314442,"gdppc_tl3"
"FRA-20181","FRA","2018",0.0228667302065165,"gdppc_tl3"
"FRA-20191","FRA","2019",0.0231652806032485,"gdppc_tl3"
"FRA-20201","FRA","2020",0.0215764150492194,"gdppc_tl3"
"GBR-20001","GBR","2000",0.0244936996408317,"gdppc_tl3"
"GBR-20011","GBR","2001",0.0255992026868567,"gdppc_tl3"
"GBR-20021","GBR","2002",0.0260020824533159,"gdppc_tl3"
"GBR-20031","GBR","2003",0.0252011718292324,"gdppc_tl3"
"GBR-20041","GBR","2004",0.0244098037794046,"gdppc_tl3"
"GBR-20051","GBR","2005",0.0247312604910317,"gdppc_tl3"
"GBR-20061","GBR","2006",0.024433575485346,"gdppc_tl3"
"GBR-20071","GBR","2007",0.0265367890340401,"gdppc_tl3"
"GBR-20081","GBR","2008",0.0264298464467044,"gdppc_tl3"
"GBR-20091","GBR","2009",0.0275606738461688,"gdppc_tl3"
"GBR-20101","GBR","2010",0.0271410738317083,"gdppc_tl3"
"GBR-20111","GBR","2011",0.0265348524813487,"gdppc_tl3"
"GBR-20121","GBR","2012",0.0260657955604963,"gdppc_tl3"
"GBR-20131","GBR","2013",0.0268025785042997,"gdppc_tl3"
"GBR-20141","GBR","2014",0.0280620027086118,"gdppc_tl3"
"GBR-20151","GBR","2015",0.0280710625872976,"gdppc_tl3"
"GBR-20161","GBR","2016",0.0266039744262141,"gdppc_tl3"
"GBR-20171","GBR","2017",0.0271581495403922,"gdppc_tl3"
"GBR-20181","GBR","2018",0.0279330808173173,"gdppc_tl3"
"GBR-20191","GBR","2019",0.0277111879335965,"gdppc_tl3"
"GBR-20201","GBR","2020",0.0278079787296391,"gdppc_tl3"
"GRC-20001","GRC","2000",0.0286590624895665,"gdppc_tl3"
"GRC-20011","GRC","2001",0.0280823629050758,"gdppc_tl3"
"GRC-20021","GRC","2002",0.0281762203142016,"gdppc_tl3"
"GRC-20031","GRC","2003",0.0311110699832068,"gdppc_tl3"
"GRC-20041","GRC","2004",0.0320332884352987,"gdppc_tl3"
"GRC-20051","GRC","2005",0.029762205249414,"gdppc_tl3"
"GRC-20061","GRC","2006",0.0359096415888853,"gdppc_tl3"
"GRC-20071","GRC","2007",0.0323679105184298,"gdppc_tl3"
"GRC-20081","GRC","2008",0.0311042953587496,"gdppc_tl3"
"GRC-20091","GRC","2009",0.0290223317591403,"gdppc_tl3"
"GRC-20101","GRC","2010",0.0279981550203875,"gdppc_tl3"
"GRC-20111","GRC","2011",0.0280500047083473,"gdppc_tl3"
"GRC-20121","GRC","2012",0.0277344233499943,"gdppc_tl3"
"GRC-20131","GRC","2013",0.0286832313077877,"gdppc_tl3"
"GRC-20141","GRC","2014",0.0280704645647327,"gdppc_tl3"
"GRC-20151","GRC","2015",0.0261714850177398,"gdppc_tl3"
"GRC-20161","GRC","2016",0.0257584057929684,"gdppc_tl3"
"GRC-20171","GRC","2017",0.0270608826868641,"gdppc_tl3"
"GRC-20181","GRC","2018",0.0273527677256621,"gdppc_tl3"
"GRC-20191","GRC","2019",0.0276914221713197,"gdppc_tl3"
"GRC-20201","GRC","2020",0.0256862836396307,"gdppc_tl3"
"HUN-20001","HUN","2000",0.0432518118514647,"gdppc_tl3"
"HUN-20011","HUN","2001",0.0349724576600054,"gdppc_tl3"
"HUN-20021","HUN","2002",0.0371761999965044,"gdppc_tl3"
"HUN-20031","HUN","2003",0.0400536034549328,"gdppc_tl3"
"HUN-20041","HUN","2004",0.0419906601564681,"gdppc_tl3"
"HUN-20051","HUN","2005",0.0454096443578606,"gdppc_tl3"
"HUN-20061","HUN","2006",0.0478794787185586,"gdppc_tl3"
"HUN-20071","HUN","2007",0.0511975765701748,"gdppc_tl3"
"HUN-20081","HUN","2008",0.049802503683667,"gdppc_tl3"
"HUN-20091","HUN","2009",0.0498115109507987,"gdppc_tl3"
"HUN-20101","HUN","2010",0.0504920067129938,"gdppc_tl3"
"HUN-20111","HUN","2011",0.0505502802196445,"gdppc_tl3"
"HUN-20121","HUN","2012",0.0484992666189466,"gdppc_tl3"
"HUN-20131","HUN","2013",0.0468695410849506,"gdppc_tl3"
"HUN-20141","HUN","2014",0.0476966774316007,"gdppc_tl3"
"HUN-20151","HUN","2015",0.0455190455199518,"gdppc_tl3"
"HUN-20161","HUN","2016",0.0470131029377606,"gdppc_tl3"
"HUN-20171","HUN","2017",0.0433744831652469,"gdppc_tl3"
"HUN-20181","HUN","2018",0.0406585452961296,"gdppc_tl3"
"HUN-20191","HUN","2019",0.0404194154065912,"gdppc_tl3"
"HUN-20201","HUN","2020",0.0373319214809269,"gdppc_tl3"
"ITA-20001","ITA","2000",0.035759214928978,"gdppc_tl3"
"ITA-20011","ITA","2001",0.0347126862130388,"gdppc_tl3"
"ITA-20021","ITA","2002",0.0335691452001648,"gdppc_tl3"
"ITA-20031","ITA","2003",0.0330270828110918,"gdppc_tl3"
"ITA-20041","ITA","2004",0.0324744508654507,"gdppc_tl3"
"ITA-20051","ITA","2005",0.0315823065778894,"gdppc_tl3"
"ITA-20061","ITA","2006",0.0309879794758105,"gdppc_tl3"
"ITA-20071","ITA","2007",0.0318275349809147,"gdppc_tl3"
"ITA-20081","ITA","2008",0.0336634452098856,"gdppc_tl3"
"ITA-20091","ITA","2009",0.0321538265397327,"gdppc_tl3"
"ITA-20101","ITA","2010",0.0334579764901428,"gdppc_tl3"
"ITA-20111","ITA","2011",0.0346927094361947,"gdppc_tl3"
"ITA-20121","ITA","2012",0.0340936733557233,"gdppc_tl3"
"ITA-20131","ITA","2013",0.0350012836086056,"gdppc_tl3"
"ITA-20141","ITA","2014",0.0367999568571218,"gdppc_tl3"
"ITA-20151","ITA","2015",0.03651353432994,"gdppc_tl3"
"ITA-20161","ITA","2016",0.0383893910435488,"gdppc_tl3"
"ITA-20171","ITA","2017",0.0386215820932544,"gdppc_tl3"
"ITA-20181","ITA","2018",0.0388632832831295,"gdppc_tl3"
"ITA-20191","ITA","2019",0.0389284104161293,"gdppc_tl3"
"ITA-20201","ITA","2020",0.0377028273246239,"gdppc_tl3"
"JPN-20001","JPN","2000",0.00699719461832036,"gdppc_tl3"
"JPN-20011","JPN","2001",0.0069960864225936,"gdppc_tl3"
"JPN-20021","JPN","2002",0.00746129694907667,"gdppc_tl3"
"JPN-20031","JPN","2003",0.00745037958081405,"gdppc_tl3"
"JPN-20041","JPN","2004",0.00805503690819855,"gdppc_tl3"
"JPN-20051","JPN","2005",0.00892728289817526,"gdppc_tl3"
"JPN-20061","JPN","2006",0.0107673329835633,"gdppc_tl3"
"JPN-20071","JPN","2007",0.0113267474303753,"gdppc_tl3"
"JPN-20081","JPN","2008",0.0103681345916256,"gdppc_tl3"
"JPN-20091","JPN","2009",0.00860941514500727,"gdppc_tl3"
"JPN-20101","JPN","2010",0.00906119749012554,"gdppc_tl3"
"JPN-20111","JPN","2011",0.00925488761157956,"gdppc_tl3"
"JPN-20121","JPN","2012",0.00890405653026692,"gdppc_tl3"
"JPN-20131","JPN","2013",0.00903556234826299,"gdppc_tl3"
"JPN-20141","JPN","2014",0.0087347337510911,"gdppc_tl3"
"JPN-20151","JPN","2015",0.00823214489225169,"gdppc_tl3"
"JPN-20161","JPN","2016",0.00755650426680569,"gdppc_tl3"
"JPN-20171","JPN","2017",0.00778809842740972,"gdppc_tl3"
"JPN-20181","JPN","2018",0.00784570436466316,"gdppc_tl3"
"JPN-20191","JPN","2019",0.00780965840270225,"gdppc_tl3"
"JPN-20201","JPN","2020",0.00782018416638051,"gdppc_tl3"
"KOR-20001","KOR","2000",0.0553738513342058,"gdppc_tl3"
"KOR-20011","KOR","2001",0.053282663315094,"gdppc_tl3"
"KOR-20021","KOR","2002",0.0548566532880006,"gdppc_tl3"
"KOR-20031","KOR","2003",0.0497523234713513,"gdppc_tl3"
"KOR-20041","KOR","2004",0.0618974291412213,"gdppc_tl3"
"KOR-20051","KOR","2005",0.0579119610139646,"gdppc_tl3"
"KOR-20061","KOR","2006",0.0545768673433626,"gdppc_tl3"
"KOR-20071","KOR","2007",0.0565830206522833,"gdppc_tl3"
"KOR-20081","KOR","2008",0.0586115871228122,"gdppc_tl3"
"KOR-20091","KOR","2009",0.0514829946491266,"gdppc_tl3"
"KOR-20101","KOR","2010",0.0646865646510123,"gdppc_tl3"
"KOR-20111","KOR","2011",0.0714442696023086,"gdppc_tl3"
"KOR-20121","KOR","2012",0.066212754706422,"gdppc_tl3"
"KOR-20131","KOR","2013",0.0630807707370128,"gdppc_tl3"
"KOR-20141","KOR","2014",0.0553961832055359,"gdppc_tl3"
"KOR-20151","KOR","2015",0.0503354467917784,"gdppc_tl3"
"KOR-20161","KOR","2016",0.0480338922444928,"gdppc_tl3"
"KOR-20171","KOR","2017",0.0478214159412417,"gdppc_tl3"
"KOR-20181","KOR","2018",0.0424748776869108,"gdppc_tl3"
"KOR-20191","KOR","2019",0.0389826653491171,"gdppc_tl3"
"KOR-20201","KOR","2020",0.0344895291160988,"gdppc_tl3"
"LTU-2000","LTU","2000",0.0265537259510859,"gdppc_tl3"
"LTU-2001","LTU","2001",0.0311561243239458,"gdppc_tl3"
"LTU-2002","LTU","2002",0.0368527098347111,"gdppc_tl3"
"LTU-2003","LTU","2003",0.0379015613316316,"gdppc_tl3"
"LTU-2004","LTU","2004",0.0383033308804719,"gdppc_tl3"
"LTU-2005","LTU","2005",0.0433485560497418,"gdppc_tl3"
"LTU-2006","LTU","2006",0.0494470339828617,"gdppc_tl3"
"LTU-2007","LTU","2007",0.0545277037810827,"gdppc_tl3"
"LTU-2008","LTU","2008",0.0457610839449384,"gdppc_tl3"
"LTU-2009","LTU","2009",0.047147905116495,"gdppc_tl3"
"LTU-2010","LTU","2010",0.0436315539708703,"gdppc_tl3"
"LTU-2011","LTU","2011",0.039934126737704,"gdppc_tl3"
"LTU-2012","LTU","2012",0.0413241418202854,"gdppc_tl3"
"LTU-2013","LTU","2013",0.0437414146767588,"gdppc_tl3"
"LTU-2014","LTU","2014",0.0448186780860104,"gdppc_tl3"
"LTU-2015","LTU","2015",0.0459981553901815,"gdppc_tl3"
"LTU-2016","LTU","2016",0.0482260333039818,"gdppc_tl3"
"LTU-2017","LTU","2017",0.0454161985048748,"gdppc_tl3"
"LTU-2018","LTU","2018",0.0483804934645639,"gdppc_tl3"
"LTU-2019","LTU","2019",0.0506163046087438,"gdppc_tl3"
"LTU-2020","LTU","2020",0.049905038842607,"gdppc_tl3"
"LVA-2000","LVA","2000",0.0733564559221965,"gdppc_tl3"
"LVA-2001","LVA","2001",0.0762552618105553,"gdppc_tl3"
"LVA-2002","LVA","2002",0.0744896812747825,"gdppc_tl3"
"LVA-2003","LVA","2003",0.0755215189657516,"gdppc_tl3"
"LVA-2004","LVA","2004",0.0733612218512664,"gdppc_tl3"
"LVA-2005","LVA","2005",0.0766016416809972,"gdppc_tl3"
"LVA-2006","LVA","2006",0.0854738048331959,"gdppc_tl3"
"LVA-2007","LVA","2007",0.0682718808524508,"gdppc_tl3"
"LVA-2008","LVA","2008",0.0658018444414728,"gdppc_tl3"
"LVA-2009","LVA","2009",0.0535642183847149,"gdppc_tl3"
"LVA-2010","LVA","2010",0.0568525341355625,"gdppc_tl3"
"LVA-2011","LVA","2011",0.0494812293521497,"gdppc_tl3"
"LVA-2012","LVA","2012",0.0544395962621351,"gdppc_tl3"
"LVA-2013","LVA","2013",0.0675007976074538,"gdppc_tl3"
"LVA-2014","LVA","2014",0.0621124319105347,"gdppc_tl3"
"LVA-2015","LVA","2015",0.0658936478755566,"gdppc_tl3"
"LVA-2016","LVA","2016",0.0661071399146627,"gdppc_tl3"
"LVA-2017","LVA","2017",0.0649910963545508,"gdppc_tl3"
"LVA-2018","LVA","2018",0.0788921315237872,"gdppc_tl3"
"LVA-2019","LVA","2019",0.0615486909673516,"gdppc_tl3"
"LVA-2020","LVA","2020",0.0611989390106647,"gdppc_tl3"
"NLD-20001","NLD","2000",0.0225749860312099,"gdppc_tl3"
"NLD-20011","NLD","2001",0.023361832286496,"gdppc_tl3"
"NLD-20021","NLD","2002",0.0229696357156804,"gdppc_tl3"
"NLD-20031","NLD","2003",0.0220198157265292,"gdppc_tl3"
"NLD-20041","NLD","2004",0.022760032299965,"gdppc_tl3"
"NLD-20051","NLD","2005",0.0232051132514812,"gdppc_tl3"
"NLD-20061","NLD","2006",0.023797035943174,"gdppc_tl3"
"NLD-20071","NLD","2007",0.021844346051083,"gdppc_tl3"
"NLD-20081","NLD","2008",0.0232099728989855,"gdppc_tl3"
"NLD-20091","NLD","2009",0.0215113135243421,"gdppc_tl3"
"NLD-20101","NLD","2010",0.0228566670735421,"gdppc_tl3"
"NLD-20111","NLD","2011",0.0211029782595583,"gdppc_tl3"
"NLD-20121","NLD","2012",0.0229450274587721,"gdppc_tl3"
"NLD-20131","NLD","2013",0.0242564899672398,"gdppc_tl3"
"NLD-20141","NLD","2014",0.0211333396655155,"gdppc_tl3"
"NLD-20151","NLD","2015",0.0213042262715316,"gdppc_tl3"
"NLD-20161","NLD","2016",0.0200509493719744,"gdppc_tl3"
"NLD-20171","NLD","2017",0.0197976322475725,"gdppc_tl3"
"NLD-20181","NLD","2018",0.01975895493929,"gdppc_tl3"
"NLD-20191","NLD","2019",0.0196971492405979,"gdppc_tl3"
"NLD-20201","NLD","2020",0.0180423462147415,"gdppc_tl3"
"NOR-20001","NOR","2000",0.0504277866897628,"gdppc_tl3"
"NOR-20011","NOR","2001",0.04884480282746,"gdppc_tl3"
"NOR-20021","NOR","2002",0.0394192191766895,"gdppc_tl3"
"NOR-20031","NOR","2003",0.0366071404796032,"gdppc_tl3"
"NOR-20041","NOR","2004",0.0402539076411134,"gdppc_tl3"
"NOR-20051","NOR","2005",0.0441891978640545,"gdppc_tl3"
"NOR-20061","NOR","2006",0.0423712271847695,"gdppc_tl3"
"NOR-20071","NOR","2007",0.0452069237453386,"gdppc_tl3"
"NOR-20081","NOR","2008",0.0313069771388192,"gdppc_tl3"
"NOR-20091","NOR","2009",0.028633011214576,"gdppc_tl3"
"NOR-20101","NOR","2010",0.0321922547305671,"gdppc_tl3"
"NOR-20111","NOR","2011",0.0321725302484407,"gdppc_tl3"
"NOR-20121","NOR","2012",0.0336413356000376,"gdppc_tl3"
"NOR-20131","NOR","2013",0.0335944102448402,"gdppc_tl3"
"NOR-20141","NOR","2014",0.0319377294259878,"gdppc_tl3"
"NOR-20151","NOR","2015",0.0300173204338248,"gdppc_tl3"
"NOR-20161","NOR","2016",0.0279715486429471,"gdppc_tl3"
"NOR-20171","NOR","2017",0.0282143646490292,"gdppc_tl3"
"NOR-20181","NOR","2018",0.0273685159538176,"gdppc_tl3"
"NOR-20191","NOR","2019",0.0284582267627548,"gdppc_tl3"
"NOR-20201","NOR","2020",0.0284582267627548,"gdppc_tl3"
"NZL-20001","NZL","2000",0.0224501696719084,"gdppc_tl3"
"NZL-20011","NZL","2001",0.0200831262894141,"gdppc_tl3"
"NZL-20021","NZL","2002",0.0206191087958074,"gdppc_tl3"
"NZL-20031","NZL","2003",0.0173540932568185,"gdppc_tl3"
"NZL-20041","NZL","2004",0.0148738437497945,"gdppc_tl3"
"NZL-20051","NZL","2005",0.0141272866243915,"gdppc_tl3"
"NZL-20061","NZL","2006",0.0149619918713676,"gdppc_tl3"
"NZL-20071","NZL","2007",0.0327520856305294,"gdppc_tl3"
"NZL-20081","NZL","2008",0.0338502964277089,"gdppc_tl3"
"NZL-20091","NZL","2009",0.0310717322035157,"gdppc_tl3"
"NZL-20101","NZL","2010",0.029288548815728,"gdppc_tl3"
"NZL-20111","NZL","2011",0.0270754502624395,"gdppc_tl3"
"NZL-20121","NZL","2012",0.02720467667023,"gdppc_tl3"
"NZL-20131","NZL","2013",0.0260761707639759,"gdppc_tl3"
"NZL-20141","NZL","2014",0.0237987850180319,"gdppc_tl3"
"NZL-20151","NZL","2015",0.0156007576761602,"gdppc_tl3"
"NZL-20161","NZL","2016",0.0127451333588144,"gdppc_tl3"
"NZL-20171","NZL","2017",0.0126021917818618,"gdppc_tl3"
"NZL-20181","NZL","2018",0.0131651855530958,"gdppc_tl3"
"NZL-20191","NZL","2019",0.0132361586307288,"gdppc_tl3"
"NZL-20201","NZL","2020",0.0113637500045878,"gdppc_tl3"
"POL-20001","POL","2000",0.0400292750259178,"gdppc_tl3"
"POL-20011","POL","2001",0.0370515680605332,"gdppc_tl3"
"POL-20021","POL","2002",0.0375499140204071,"gdppc_tl3"
"POL-20031","POL","2003",0.037090133738046,"gdppc_tl3"
"POL-20041","POL","2004",0.0409118053244623,"gdppc_tl3"
"POL-20051","POL","2005",0.042543253408975,"gdppc_tl3"
"POL-20061","POL","2006",0.0456414718532206,"gdppc_tl3"
"POL-20071","POL","2007",0.0458780248793534,"gdppc_tl3"
"POL-20081","POL","2008",0.043509724218893,"gdppc_tl3"
"POL-20091","POL","2009",0.0463741809972755,"gdppc_tl3"
"POL-20101","POL","2010",0.05004830330318,"gdppc_tl3"
"POL-20111","POL","2011",0.0504928577702769,"gdppc_tl3"
"POL-20121","POL","2012",0.0510251014105899,"gdppc_tl3"
"POL-20131","POL","2013",0.0484448602517966,"gdppc_tl3"
"POL-20141","POL","2014",0.0482067537500921,"gdppc_tl3"
"POL-20151","POL","2015",0.0501790709471094,"gdppc_tl3"
"POL-20161","POL","2016",0.0504870801524293,"gdppc_tl3"
"POL-20171","POL","2017",0.0498314373249013,"gdppc_tl3"
"POL-20181","POL","2018",0.0498767646777207,"gdppc_tl3"
"POL-20191","POL","2019",0.0520084695764545,"gdppc_tl3"
"POL-20201","POL","2020",0.0485070519191048,"gdppc_tl3"
"PRT-20001","PRT","2000",0.0302242542733572,"gdppc_tl3"
"PRT-20011","PRT","2001",0.0285466015942075,"gdppc_tl3"
"PRT-20021","PRT","2002",0.0288228426235214,"gdppc_tl3"
"PRT-20031","PRT","2003",0.0297904215624736,"gdppc_tl3"
"PRT-20041","PRT","2004",0.0286623163439455,"gdppc_tl3"
"PRT-20051","PRT","2005",0.0288378272084698,"gdppc_tl3"
"PRT-20061","PRT","2006",0.0283573906414268,"gdppc_tl3"
"PRT-20071","PRT","2007",0.0277198744067676,"gdppc_tl3"
"PRT-20081","PRT","2008",0.0261462019675512,"gdppc_tl3"
"PRT-20091","PRT","2009",0.02079607157192,"gdppc_tl3"
"PRT-20101","PRT","2010",0.021369826660267,"gdppc_tl3"
"PRT-20111","PRT","2011",0.0208894001069547,"gdppc_tl3"
"PRT-20121","PRT","2012",0.0191823155201468,"gdppc_tl3"
"PRT-20131","PRT","2013",0.0163618729330065,"gdppc_tl3"
"PRT-20141","PRT","2014",0.0161747946788527,"gdppc_tl3"
"PRT-20151","PRT","2015",0.0202480121312484,"gdppc_tl3"
"PRT-20161","PRT","2016",0.0179776363586337,"gdppc_tl3"
"PRT-20171","PRT","2017",0.0203198752340902,"gdppc_tl3"
"PRT-20181","PRT","2018",0.0173146245650036,"gdppc_tl3"
"PRT-20191","PRT","2019",0.0161305045814622,"gdppc_tl3"
"PRT-20201","PRT","2020",0.0114788393009142,"gdppc_tl3"
"SVK-20001","SVK","2000",0.0919875413705907,"gdppc_tl3"
"SVK-20011","SVK","2001",0.0900385545523949,"gdppc_tl3"
"SVK-20021","SVK","2002",0.097097136997002,"gdppc_tl3"
"SVK-20031","SVK","2003",0.0951146138310051,"gdppc_tl3"
"SVK-20041","SVK","2004",0.0958359029842718,"gdppc_tl3"
"SVK-20051","SVK","2005",0.118062081662456,"gdppc_tl3"
"SVK-20061","SVK","2006",0.114113301219966,"gdppc_tl3"
"SVK-20071","SVK","2007",0.119881335140119,"gdppc_tl3"
"SVK-20081","SVK","2008",0.111247055046267,"gdppc_tl3"
"SVK-20091","SVK","2009",0.131404973376332,"gdppc_tl3"
"SVK-20101","SVK","2010",0.12925400594702,"gdppc_tl3"
"SVK-20111","SVK","2011",0.124918121934674,"gdppc_tl3"
"SVK-20121","SVK","2012",0.116164728963164,"gdppc_tl3"
"SVK-20131","SVK","2013",0.123148142713144,"gdppc_tl3"
"SVK-20141","SVK","2014",0.116158960687605,"gdppc_tl3"
"SVK-20151","SVK","2015",0.115583440163954,"gdppc_tl3"
"SVK-20161","SVK","2016",0.116473459446042,"gdppc_tl3"
"SVK-20171","SVK","2017",0.111450863130333,"gdppc_tl3"
"SVK-20181","SVK","2018",0.105861262571813,"gdppc_tl3"
"SVK-20191","SVK","2019",0.100495167748334,"gdppc_tl3"
"SVK-20201","SVK","2020",0.0998543488859024,"gdppc_tl3"
"SVN-20001","SVN","2000",0.0175719015999497,"gdppc_tl3"
"SVN-20011","SVN","2001",0.0189307333144052,"gdppc_tl3"
"SVN-20021","SVN","2002",0.0203018422960206,"gdppc_tl3"
"SVN-20031","SVN","2003",0.0247290061879724,"gdppc_tl3"
"SVN-20041","SVN","2004",0.0249079426865983,"gdppc_tl3"
"SVN-20051","SVN","2005",0.0251332750703854,"gdppc_tl3"
"SVN-20061","SVN","2006",0.0280475576412713,"gdppc_tl3"
"SVN-20071","SVN","2007",0.0278885471451846,"gdppc_tl3"
"SVN-20081","SVN","2008",0.0274670043571122,"gdppc_tl3"
"SVN-20091","SVN","2009",0.0288446355872454,"gdppc_tl3"
"SVN-20101","SVN","2010",0.0285989062059497,"gdppc_tl3"
"SVN-20111","SVN","2011",0.026744934070847,"gdppc_tl3"
"SVN-20121","SVN","2012",0.0264426483066303,"gdppc_tl3"
"SVN-20131","SVN","2013",0.0241931753970502,"gdppc_tl3"
"SVN-20141","SVN","2014",0.0244419524320065,"gdppc_tl3"
"SVN-20151","SVN","2015",0.0250708851948338,"gdppc_tl3"
"SVN-20161","SVN","2016",0.0253368642330375,"gdppc_tl3"
"SVN-20171","SVN","2017",0.0266595016932651,"gdppc_tl3"
"SVN-20181","SVN","2018",0.0269354405036797,"gdppc_tl3"
"SVN-20191","SVN","2019",0.0269339928159588,"gdppc_tl3"
"SVN-20201","SVN","2020",0.0271446788411758,"gdppc_tl3"
"SWE-20001","SWE","2000",0.00996943358295701,"gdppc_tl3"
"SWE-20011","SWE","2001",0.0096988991977447,"gdppc_tl3"
"SWE-20021","SWE","2002",0.00875359639107111,"gdppc_tl3"
"SWE-20031","SWE","2003",0.00827543727008574,"gdppc_tl3"
"SWE-20041","SWE","2004",0.00887988507261634,"gdppc_tl3"
"SWE-20051","SWE","2005",0.00954645990826875,"gdppc_tl3"
"SWE-20061","SWE","2006",0.00872975574145915,"gdppc_tl3"
"SWE-20071","SWE","2007",0.00969279069757965,"gdppc_tl3"
"SWE-20081","SWE","2008",0.00954282559140066,"gdppc_tl3"
"SWE-20091","SWE","2009",0.0119390505046128,"gdppc_tl3"
"SWE-20101","SWE","2010",0.0102743842118621,"gdppc_tl3"
"SWE-20111","SWE","2011",0.0108484140414423,"gdppc_tl3"
"SWE-20121","SWE","2012",0.0105146814564828,"gdppc_tl3"
"SWE-20131","SWE","2013",0.0107259765725919,"gdppc_tl3"
"SWE-20141","SWE","2014",0.0114898116183378,"gdppc_tl3"
"SWE-20151","SWE","2015",0.0123856541602302,"gdppc_tl3"
"SWE-20161","SWE","2016",0.0119079042129484,"gdppc_tl3"
"SWE-20171","SWE","2017",0.0117437829779885,"gdppc_tl3"
"SWE-20181","SWE","2018",0.01134236260305,"gdppc_tl3"
"SWE-20191","SWE","2019",0.0121125091674975,"gdppc_tl3"
"SWE-20201","SWE","2020",0.0136523369295415,"gdppc_tl3"
"TUR-20001","TUR","2000",0.0745937254068794,"gdppc_tl3"
"TUR-20011","TUR","2001",0.0745937254068793,"gdppc_tl3"
"TUR-20021","TUR","2002",0.0745937254068795,"gdppc_tl3"
"TUR-20031","TUR","2003",0.0745937254068795,"gdppc_tl3"
"TUR-20041","TUR","2004",0.0745937254068794,"gdppc_tl3"
"TUR-20051","TUR","2005",0.0737739363732006,"gdppc_tl3"
"TUR-20061","TUR","2006",0.0765374133255578,"gdppc_tl3"
"TUR-20071","TUR","2007",0.0768993028902505,"gdppc_tl3"
"TUR-20081","TUR","2008",0.0759047677919462,"gdppc_tl3"
"TUR-20091","TUR","2009",0.0679022632737333,"gdppc_tl3"
"TUR-20101","TUR","2010",0.0570568037182045,"gdppc_tl3"
"TUR-20111","TUR","2011",0.0592090884249647,"gdppc_tl3"
"TUR-20121","TUR","2012",0.0567335914988591,"gdppc_tl3"
"TUR-20131","TUR","2013",0.0585493273146118,"gdppc_tl3"
"TUR-20141","TUR","2014",0.0587113325295398,"gdppc_tl3"
"TUR-20151","TUR","2015",0.0554739110054807,"gdppc_tl3"
"TUR-20161","TUR","2016",0.0538084086090006,"gdppc_tl3"
"TUR-20171","TUR","2017",0.0548017843503587,"gdppc_tl3"
"TUR-20181","TUR","2018",0.0591555038032622,"gdppc_tl3"
"TUR-20191","TUR","2019",0.054864759511116,"gdppc_tl3"
"TUR-20201","TUR","2020",0.0518108834425955,"gdppc_tl3"
"USA-20001","USA","2000",0.018123240702876,"gdppc_tl3"
"USA-20011","USA","2001",0.0174473836953422,"gdppc_tl3"
"USA-20021","USA","2002",0.016177308470615,"gdppc_tl3"
"USA-20031","USA","2003",0.0161172225124723,"gdppc_tl3"
"USA-20041","USA","2004",0.0170892980869624,"gdppc_tl3"
"USA-20051","USA","2005",0.0203097742772397,"gdppc_tl3"
"USA-20061","USA","2006",0.0209515150519206,"gdppc_tl3"
"USA-20071","USA","2007",0.0227254522412869,"gdppc_tl3"
"USA-20081","USA","2008",0.0265435268076458,"gdppc_tl3"
"USA-20091","USA","2009",0.0205553007607651,"gdppc_tl3"
"USA-20101","USA","2010",0.0224620474651813,"gdppc_tl3"
"USA-20111","USA","2011",0.0262564957855826,"gdppc_tl3"
"USA-20121","USA","2012",0.0308201875639307,"gdppc_tl3"
"USA-20131","USA","2013",0.0310527094456784,"gdppc_tl3"
"USA-20141","USA","2014",0.0322796095775832,"gdppc_tl3"
"USA-20151","USA","2015",0.0243458607901207,"gdppc_tl3"
"USA-20161","USA","2016",0.0221457561379765,"gdppc_tl3"
"USA-20171","USA","2017",0.0245275803990335,"gdppc_tl3"
"USA-20181","USA","2018",0.0288403860053896,"gdppc_tl3"
"USA-20191","USA","2019",0.0278093534988736,"gdppc_tl3"
"USA-20201","USA","2020",0.0227414508816476,"gdppc_tl3"
